2025-08-12T19:01:37.713350Z,bettynoire,1700,manual_review,collected only 4% of reported (4_13%)
2025-08-12T19:01:38.284875Z,sailoranime,1821,manual_review,reported>0 but collected==0 (private/blocked)
2025-08-12T19:01:42.760749Z,WRYYYY,2411,manual_review,collected only 1% of reported (1_81%)
2025-08-12T19:01:46.241407Z,Anakin,2951,manual_review,collected only 2% of reported (2_09%)
2025-08-12T19:01:46.837628Z,blagblare,3022,manual_review,reported>0 but collected==0 (private/blocked)
2025-08-12T19:01:50.845391Z,Damoizgod,3514,manual_review,collected only 1% of reported (1_46%)
2025-08-12T19:01:54.413768Z,Bura,4042,manual_review,collected only 1% of reported (1_99%)
2025-08-12T19:01:59.690854Z,Kaguya,5772,manual_review,collected only 0% of reported (0_60%)
2025-08-12T19:02:03.783656Z,Tyon,6085,manual_review,collected only 2% of reported (2_22%)
2025-08-12T19:02:05.108866Z,Peace_Child,6410,manual_review,reported>0 but collected==0 (private/blocked)
2025-08-12T19:02:05.646192Z,Lukenago,6482,manual_review,reported>0 but collected==0 (private/blocked)
2025-08-12T19:02:09.564974Z,Tear,7236,manual_review,collected only 2% of reported (2_79%)
2025-08-12T19:02:13.142751Z,Sylent,7953,manual_review,collected only 1% of reported (1_35%)
2025-08-12T19:02:16.732791Z,Pixeleen,8768,manual_review,collected only 1% of reported (1_51%)
2025-08-12T19:02:17.585619Z,Lord_59,8922,manual_review,reported>0 but collected==0 (private/blocked)
2025-08-12T19:02:21.237778Z,Kineta,9108,manual_review,collected only 1% of reported (1_75%)
2025-08-12T19:02:22.482237Z,bakaidiot,9913,manual_review,reported>0 but collected==0 (private/blocked)
2025-08-12T19:02:26.462309Z,Regalia_Lenzi,10160,manual_review,collected only 1% of reported (1_53%)
2025-08-12T19:02:30.243983Z,teckie,10390,manual_review,collected only 17% of reported (17_62%)
2025-08-12T19:02:31.006876Z,Aelyora,10693,manual_review,reported>0 but collected==0 (private/blocked)
2025-08-12T19:02:31.721271Z,Kit-Tsukasa,10830,manual_review,reported>0 but collected==0 (private/blocked)
2025-08-12T19:02:32.593568Z,Siruru,11132,manual_review,reported>0 but collected==0 (private/blocked)
2025-08-12T19:02:36.041034Z,FrostSaber,11143,manual_review,collected only 2% of reported (2_82%)
2025-08-12T19:02:37.982345Z,Bad--Girl,13211,manual_review,reported>0 but collected==0 (private/blocked)
2025-08-12T19:02:38.562890Z,anon7924,13265,manual_review,reported>0 but collected==0 (private/blocked)
2025-08-12T19:02:42.034084Z,Kamui,13295,manual_review,collected only 0% of reported (0_34%)
2025-08-12T19:02:45.948373Z,Sirdante,14013,manual_review,collected only 9% of reported (9_49%)
2025-08-12T19:03:01.570886Z,ZnakeBiteX,15134,manual_review,collected only 3% of reported (3_91%)
2025-08-12T19:03:03.580273Z,kakava,15671,manual_review,reported>0 but collected==0 (private/blocked)
2025-08-12T19:03:04.673550Z,Aren21,15789,manual_review,reported>0 but collected==0 (private/blocked)
2025-08-12T19:03:08.846785Z,iKji,16616,manual_review,collected only 2% of reported (2_96%)
2025-08-12T19:03:12.871179Z,Rweck,17816,manual_review,collected only 3% of reported (3_17%)
2025-08-12T19:03:17.702592Z,Mikki-chan,18550,manual_review,collected only 2% of reported (2_90%)
2025-08-12T19:03:19.621392Z,ursaminor,18688,manual_review,reported>0 but collected==0 (private/blocked)
2025-08-12T19:03:23.213747Z,Lindus,18804,manual_review,collected only 2% of reported (2_33%)
2025-08-12T19:03:23.806995Z,BH_odin10,18842,manual_review,reported>0 but collected==0 (private/blocked)
2025-08-12T19:03:25.240816Z,yair23,19818,manual_review,reported>0 but collected==0 (private/blocked)
2025-08-12T19:03:28.859539Z,ChrisVarick,20329,manual_review,collected only 1% of reported (1_42%)
2025-08-12T19:03:29.995582Z,Loki_sensei,21108,manual_review,reported>0 but collected==0 (private/blocked)
2025-08-12T19:03:30.863020Z,Riotblade,21172,manual_review,reported>0 but collected==0 (private/blocked)
2025-08-12T19:03:32.109577Z,Glopo,21266,manual_review,reported>0 but collected==0 (private/blocked)
2025-08-12T19:03:32.897630Z,redgurl719,21426,manual_review,reported>0 but collected==0 (private/blocked)
2025-08-12T19:03:33.890961Z,Baka,21648,manual_review,reported>0 but collected==0 (private/blocked)
2025-08-12T19:03:38.617801Z,OmegaRamirez,22619,manual_review,reported>0 but collected==0 (private/blocked)
2025-08-12T19:03:43.107696Z,Tora,22902,manual_review,collected only 2% of reported (2_22%)
2025-08-12T19:03:47.086694Z,DuSchLampe,23142,manual_review,collected only 6% of reported (6_88%)
2025-08-12T19:03:47.797360Z,Hamster,23209,manual_review,reported>0 but collected==0 (private/blocked)
2025-08-12T19:03:56.124686Z,someoneusedmyid,23716,manual_review,reported>0 but collected==0 (private/blocked)
2025-08-12T19:04:01.364099Z,Arkaniet,24039,manual_review,collected only 1% of reported (1_26%)
2025-08-12T19:04:02.764085Z,Kaoru-Chan,24049,manual_review,reported>0 but collected==0 (private/blocked)
2025-08-12T19:04:08.231006Z,Katua,24176,manual_review,collected only 1% of reported (1_09%)
2025-08-12T19:04:25.889704Z,Yomi-,24661,manual_review,collected only 3% of reported (3_33%)
2025-08-12T19:04:30.889141Z,Kiraism,24722,manual_review,collected only 7% of reported (7_51%)
2025-08-12T19:04:36.182081Z,Klabautermann,25159,manual_review,collected only 8% of reported (8_77%)
2025-08-12T19:04:38.497043Z,Salathiel,25714,manual_review,reported>0 but collected==0 (private/blocked)
2025-08-12T19:04:40.556517Z,Bdiah,25863,manual_review,reported>0 but collected==0 (private/blocked)
2025-08-12T19:04:49.655073Z,Splee,26317,manual_review,collected only 1% of reported (1_18%)
2025-08-12T19:04:52.083642Z,LadyYuna,26913,manual_review,reported>0 but collected==0 (private/blocked)
2025-08-12T19:04:56.585509Z,BomBi,27026,manual_review,collected only 18% of reported (18_18%)
2025-08-12T19:05:03.148447Z,ToastyButt,27801,manual_review,collected only 0% of reported (0_90%)
2025-08-12T19:05:04.911147Z,Hedwigz,28262,manual_review,reported>0 but collected==0 (private/blocked)
2025-08-12T19:05:07.623482Z,sessyswife,28490,manual_review,reported>0 but collected==0 (private/blocked)
2025-08-12T19:05:12.432857Z,Imik,28988,manual_review,collected only 0% of reported (0_30%)
2025-08-12T19:05:14.674185Z,edgewalker00,29094,manual_review,reported>0 but collected==0 (private/blocked)
2025-08-12T19:05:16.163222Z,CRIMExTHINK,29183,manual_review,reported>0 but collected==0 (private/blocked)
2025-08-12T19:05:20.797440Z,joday,29363,manual_review,collected only 0% of reported (0_21%)
2025-08-12T19:05:25.534865Z,Lockd0wn,29582,manual_review,collected only 3% of reported (3_26%)
2025-08-12T19:05:27.200150Z,Yukia,29863,manual_review,reported>0 but collected==0 (private/blocked)
2025-08-12T19:05:29.707833Z,Kuze,31211,manual_review,reported>0 but collected==0 (private/blocked)
2025-08-12T19:05:34.956433Z,Hoshiko,31969,manual_review,collected only 1% of reported (1_54%)
2025-08-12T19:05:39.430541Z,LordiChang,32336,manual_review,collected only 3% of reported (3_20%)
2025-08-12T19:05:40.893441Z,Ninja_kitty,32591,manual_review,reported>0 but collected==0 (private/blocked)
2025-08-12T19:05:42.638233Z,TuGu,32713,manual_review,reported>0 but collected==0 (private/blocked)
2025-08-12T19:05:44.207928Z,Amarante,32927,manual_review,reported>0 but collected==0 (private/blocked)
2025-08-12T19:05:45.751176Z,kilik9292,33154,manual_review,reported>0 but collected==0 (private/blocked)
2025-08-12T19:05:50.327475Z,CeroStrife,33169,manual_review,collected only 17% of reported (17_72%)
2025-08-12T19:05:55.389801Z,Its-A-Trap,33427,manual_review,collected only 1% of reported (1_26%)
2025-08-12T19:06:00.288581Z,lblsslx,33680,manual_review,collected only 21% of reported (21_24%)
2025-08-12T19:06:01.653734Z,yukime,33696,manual_review,reported>0 but collected==0 (private/blocked)
2025-08-12T19:06:03.975823Z,BoxOfAids,34527,manual_review,reported>0 but collected==0 (private/blocked)
2025-08-12T19:06:05.475711Z,Yoshiofthewire,34613,manual_review,reported>0 but collected==0 (private/blocked)
2025-08-12T19:06:07.093557Z,Stinkiemcphee,34623,manual_review,reported>0 but collected==0 (private/blocked)
2025-08-12T19:06:08.446561Z,Nayomi,34654,manual_review,reported>0 but collected==0 (private/blocked)
2025-08-12T19:06:13.013064Z,Eifie,34690,manual_review,collected only 5% of reported (5_35%)
2025-08-12T19:06:17.775866Z,Sinmore,34782,manual_review,collected only 9% of reported (9_02%)
2025-08-12T19:06:19.545290Z,NeonToppaTotoro,35184,manual_review,reported>0 but collected==0 (private/blocked)
2025-08-12T19:06:24.004229Z,TheMagicalDreams,35680,manual_review,collected only 5% of reported (5_02%)
2025-08-12T19:06:28.533138Z,Manga,35774,manual_review,collected only 3% of reported (3_32%)
2025-08-12T19:06:30.078768Z,prettynpink194,35978,manual_review,reported>0 but collected==0 (private/blocked)
2025-08-12T19:06:32.511691Z,SackMasta,36757,manual_review,reported>0 but collected==0 (private/blocked)
2025-08-12T19:06:38.820481Z,Kapia,36890,manual_review,collected only 0% of reported (0_90%)
2025-08-12T19:06:41.429966Z,adamus2406,37751,manual_review,reported>0 but collected==0 (private/blocked)
2025-08-12T19:06:44.314026Z,LightningEdge,39081,manual_review,reported>0 but collected==0 (private/blocked)
2025-08-12T19:06:51.387954Z,mdmq,39626,manual_review,reported>0 but collected==0 (private/blocked)
2025-08-12T19:06:53.190258Z,Ayu_Tsukimiya,40109,manual_review,reported>0 but collected==0 (private/blocked)
2025-08-12T19:06:54.507318Z,lagrima,40236,manual_review,reported>0 but collected==0 (private/blocked)
2025-08-12T19:06:59.135977Z,electronfox,40983,manual_review,collected only 2% of reported (2_65%)
2025-08-12T19:07:03.708001Z,ZeroKirby,41414,manual_review,collected only 1% of reported (1_42%)
2025-08-12T19:07:05.115027Z,kinomichan,42157,manual_review,reported>0 but collected==0 (private/blocked)
2025-08-12T19:07:07.070434Z,Endymion,42462,manual_review,reported>0 but collected==0 (private/blocked)
2025-08-12T19:07:08.905558Z,Nonoriri,43100,manual_review,reported>0 but collected==0 (private/blocked)
2025-08-12T19:07:11.262923Z,SumPi,44042,manual_review,reported>0 but collected==0 (private/blocked)
2025-08-12T19:07:17.768993Z,Cipher___,44810,manual_review,reported>0 but collected==0 (private/blocked)
2025-08-12T19:07:19.276005Z,noafe,45110,manual_review,reported>0 but collected==0 (private/blocked)
2025-08-12T19:07:24.140707Z,xOkochan,45310,manual_review,collected only 5% of reported (5_04%)
2025-08-12T19:07:25.491692Z,Zucca,45339,manual_review,reported>0 but collected==0 (private/blocked)
2025-08-12T19:07:39.051443Z,KronoSGod,46875,manual_review,collected only 3% of reported (3_99%)
2025-08-12T19:07:43.443770Z,Dravania,47101,manual_review,collected only 10% of reported (10_04%)
2025-08-12T19:07:48.660975Z,Levo,48776,manual_review,collected only 0% of reported (0_55%)
2025-08-12T19:07:50.264513Z,Pznoy,49630,manual_review,reported>0 but collected==0 (private/blocked)
2025-08-12T19:07:52.290787Z,jcaliff,50732,manual_review,reported>0 but collected==0 (private/blocked)
2025-08-12T19:07:57.175295Z,JustinSane,51030,manual_review,collected only 0% of reported (0_59%)
2025-08-12T19:07:58.797460Z,Belartas,51342,manual_review,reported>0 but collected==0 (private/blocked)
2025-08-12T19:08:00.676183Z,YOH,52700,manual_review,reported>0 but collected==0 (private/blocked)
2025-08-12T19:08:05.760382Z,KiraYoshikage,53032,manual_review,collected only 5% of reported (5_63%)
2025-08-12T19:08:07.820505Z,orion2025,54652,manual_review,reported>0 but collected==0 (private/blocked)
2025-08-12T19:08:09.603261Z,angrygirl,54948,manual_review,reported>0 but collected==0 (private/blocked)
2025-08-12T19:08:14.840466Z,Kurunyo,55446,manual_review,collected only 0% of reported (0_92%)
2025-08-12T19:08:20.176206Z,Mink,56071,manual_review,collected only 0% of reported (0_98%)
2025-08-12T19:08:22.353440Z,Avrill,57129,manual_review,reported>0 but collected==0 (private/blocked)
2025-08-12T19:08:24.198932Z,artb,57494,manual_review,reported>0 but collected==0 (private/blocked)
2025-08-12T19:08:25.720324Z,edythe,57520,manual_review,reported>0 but collected==0 (private/blocked)
2025-08-12T19:08:33.265392Z,DeathkaiserG,58755,manual_review,reported>0 but collected==0 (private/blocked)
2025-08-12T19:08:37.724191Z,ravenlok,58978,manual_review,collected only 0% of reported (0_97%)
2025-08-12T19:08:39.394244Z,Suteishii143,60306,manual_review,reported>0 but collected==0 (private/blocked)
2025-08-12T19:08:44.322804Z,CleitonSama,61525,manual_review,collected only 0% of reported (0_37%)
2025-08-12T19:08:45.823607Z,Ele-chan,61785,manual_review,reported>0 but collected==0 (private/blocked)
2025-08-12T19:08:48.250914Z,Kejila,62756,manual_review,reported>0 but collected==0 (private/blocked)
2025-08-12T19:08:50.261523Z,-Houkiboshi-,63670,manual_review,reported>0 but collected==0 (private/blocked)
2025-08-12T19:08:52.019911Z,Rambyte,63989,manual_review,reported>0 but collected==0 (private/blocked)
2025-08-12T19:08:54.312354Z,alucard071,65408,manual_review,reported>0 but collected==0 (private/blocked)
2025-08-12T19:08:55.889082Z,Legioner,66609,manual_review,reported>0 but collected==0 (private/blocked)
2025-08-12T19:09:02.330942Z,Totinona,67355,manual_review,reported>0 but collected==0 (private/blocked)
2025-08-12T19:09:03.904395Z,MikeTronic,68590,manual_review,reported>0 but collected==0 (private/blocked)
2025-08-12T19:09:05.830987Z,HaohmaruHL,69325,manual_review,reported>0 but collected==0 (private/blocked)
2025-08-12T19:09:10.312292Z,Hylia,69867,manual_review,collected only 1% of reported (1_58%)
2025-08-12T19:09:12.276655Z,Kalyoj,70381,manual_review,reported>0 but collected==0 (private/blocked)
2025-08-12T19:09:14.261300Z,Misya,71042,manual_review,reported>0 but collected==0 (private/blocked)
2025-08-12T19:09:19.247148Z,Rickyjc,71507,manual_review,collected only 0% of reported (0_82%)
2025-08-12T19:09:25.047172Z,Asterisk07,73206,manual_review,collected only 23% of reported (23_36%)
2025-08-12T19:09:29.397686Z,Vincas,73799,manual_review,collected only 11% of reported (11_54%)
2025-08-12T19:09:31.321996Z,rayne21x,74328,manual_review,reported>0 but collected==0 (private/blocked)
2025-08-12T19:09:33.649973Z,vera17,74845,manual_review,reported>0 but collected==0 (private/blocked)
2025-08-12T19:09:35.185162Z,GkLoc,75532,manual_review,reported>0 but collected==0 (private/blocked)
2025-08-12T19:09:36.978270Z,hikapolom,75901,manual_review,reported>0 but collected==0 (private/blocked)
2025-08-12T19:09:38.711998Z,donmuthu,76706,manual_review,reported>0 but collected==0 (private/blocked)
2025-08-12T19:09:43.185414Z,NakaShima-Shan,77339,manual_review,collected only 6% of reported (6_24%)
2025-08-12T19:09:45.530943Z,henjin,78225,manual_review,reported>0 but collected==0 (private/blocked)
2025-08-12T19:09:50.198729Z,Lynxlynx,78712,manual_review,collected only 4% of reported (4_21%)
2025-08-12T19:09:51.778183Z,KougaSparks,78951,manual_review,reported>0 but collected==0 (private/blocked)
2025-08-12T19:09:53.572277Z,Artemisa_Navi,79659,manual_review,reported>0 but collected==0 (private/blocked)
2025-08-12T19:09:57.915402Z,Eruzenjiru,79706,manual_review,collected only 9% of reported (9_72%)
2025-08-12T19:10:03.782384Z,TheTuxKeeper,81770,manual_review,collected only 3% of reported (3_99%)
2025-08-12T19:10:08.362610Z,Midnight-Wolf,82008,manual_review,collected only 0% of reported (0_56%)
2025-08-12T19:10:13.560960Z,ChitOKun,83084,manual_review,collected only 2% of reported (2_64%)
2025-08-12T19:10:20.254289Z,TheInfamousMaze,85161,manual_review,collected only 0% of reported (0_69%)
2025-08-12T19:10:30.809824Z,kitsune_senpai,86678,manual_review,reported>0 but collected==0 (private/blocked)
2025-08-12T19:10:32.579686Z,Leara,86682,manual_review,reported>0 but collected==0 (private/blocked)
2025-08-12T19:10:34.537300Z,SPACE_KOBRA,86873,manual_review,reported>0 but collected==0 (private/blocked)
2025-08-12T19:10:38.762423Z,Iazrien,86915,manual_review,collected only 2% of reported (2_16%)
2025-08-12T19:10:42.050821Z,nevdrizz,89950,manual_review,reported>0 but collected==0 (private/blocked)
2025-08-12T19:11:13.225359Z,LittleStar,93860,manual_review,collected only 1% of reported (1_73%)
2025-08-12T19:11:19.477965Z,Thedrek,96506,manual_review,collected only 3% of reported (3_08%)
2025-08-12T19:11:22.673455Z,hinagiku-san,99721,manual_review,reported>0 but collected==0 (private/blocked)
2025-08-12T19:11:27.847267Z,CraigBurnett,101395,manual_review,collected only 0% of reported (0_38%)
2025-08-12T19:11:54.963643Z,Amarena814,104394,manual_review,collected only 6% of reported (6_82%)
2025-08-12T19:12:01.099074Z,YuaLaurant,106076,manual_review,collected only 2% of reported (2_39%)
2025-08-12T19:12:06.195773Z,Mei_Lightdeth,106871,manual_review,collected only 4% of reported (4_74%)
2025-08-12T19:12:11.287165Z,Nibji,107131,manual_review,collected only 22% of reported (22_17%)
2025-08-12T19:12:16.054770Z,Slytherin,107159,manual_review,collected only 3% of reported (3_95%)
2025-08-12T19:12:21.289486Z,Chitandael,108729,manual_review,collected only 0% of reported (0_14%)
2025-08-12T19:12:27.222083Z,Sugarlat,110781,manual_review,collected only 3% of reported (3_49%)
2025-08-12T19:12:32.232281Z,Morticon,111034,manual_review,collected only 3% of reported (3_67%)
2025-08-12T19:13:00.439536Z,Faeyy,118509,manual_review,collected only 13% of reported (13_04%)
2025-08-12T19:13:05.752875Z,Jto182,118810,manual_review,collected only 17% of reported (17_05%)
2025-08-12T19:13:13.680333Z,Revenga,122488,manual_review,collected only 6% of reported (6_56%)
2025-08-12T19:13:18.787653Z,Viksi,123322,manual_review,collected only 6% of reported (6_10%)
2025-08-12T19:13:24.529239Z,alteropa,124811,manual_review,collected only 0% of reported (0_55%)
2025-08-12T19:13:31.233992Z,butthurt8795,129167,manual_review,collected only 10% of reported (10_43%)
2025-08-12T19:13:38.149516Z,MeisterDemon,131940,manual_review,collected only 17% of reported (17_49%)
2025-08-12T19:14:01.054730Z,iWeevil,133837,manual_review,collected only 7% of reported (7_05%)
2025-08-12T19:14:05.637119Z,JJPiedraOELN,134257,manual_review,collected only 0% of reported (1_00%)
2025-08-12T19:14:17.564504Z,Taske,141762,manual_review,collected only 2% of reported (2_78%)
2025-08-12T19:14:29.073729Z,Scroud,145566,manual_review,collected only 9% of reported (9_41%)
2025-08-12T19:14:46.759741Z,Michalv,147166,manual_review,collected only 3% of reported (3_22%)
2025-08-12T19:14:51.750855Z,kokuro,148760,manual_review,collected only 4% of reported (4_00%)
2025-08-12T19:14:58.001128Z,Renchor,151260,manual_review,collected only 1% of reported (1_22%)
2025-08-12T19:15:01.439553Z,Pandaley,154511,manual_review,reported>0 but collected==0 (private/blocked)
2025-08-12T19:15:08.012914Z,Manjuu,158669,manual_review,collected only 7% of reported (7_17%)
2025-08-12T19:15:09.359864Z,Gothmatix,158747,manual_review,reported>0 but collected==0 (private/blocked)
2025-08-12T19:15:14.335798Z,Kaim,160065,manual_review,collected only 2% of reported (2_34%)
2025-08-12T19:15:27.988300Z,Rilasha,166803,manual_review,collected only 0% of reported (0_75%)
2025-08-12T19:15:34.220021Z,hedrio,169720,manual_review,collected only 0% of reported (0_92%)
2025-08-12T19:15:41.289408Z,FaithoftheFallen,172826,manual_review,collected only 5% of reported (5_64%)
2025-08-12T19:15:48.475371Z,-Setsuna-,174142,manual_review,reported>0 but collected==0 (private/blocked)
2025-08-12T19:15:54.310297Z,suoufear,177781,manual_review,collected only 0% of reported (0_70%)
2025-08-12T19:16:00.510764Z,Arashi89,179041,manual_review,collected only 1% of reported (1_25%)
2025-08-12T19:16:06.954692Z,Arvsmageddon,185049,manual_review,collected only 0% of reported (0_52%)
2025-08-12T19:16:08.183281Z,gunmantheh,185068,manual_review,reported>0 but collected==0 (private/blocked)
2025-08-12T19:16:22.220911Z,Haicel,189738,manual_review,collected only 1% of reported (1_33%)
2025-08-12T19:16:25.749200Z,tzhanimelist,192701,manual_review,reported>0 but collected==0 (private/blocked)
2025-08-12T19:16:39.950793Z,deividdo-kun,196477,manual_review,collected only 5% of reported (5_54%)
2025-08-12T19:16:42.436097Z,Sins_of_an_Angel,197125,manual_review,reported>0 but collected==0 (private/blocked)
2025-08-12T19:17:14.027332Z,syntemnousa,211037,manual_review,reported>0 but collected==0 (private/blocked)
2025-08-12T19:17:15.745436Z,nyao_isay,211441,manual_review,reported>0 but collected==0 (private/blocked)
2025-08-12T19:17:17.662673Z,MRSilva5914,212858,manual_review,reported>0 but collected==0 (private/blocked)
2025-08-12T19:17:23.966547Z,aoc445,214874,manual_review,collected only 1% of reported (1_38%)
2025-08-12T19:17:27.769135Z,Aeris1223,221151,manual_review,reported>0 but collected==0 (private/blocked)
2025-08-12T19:17:40.099097Z,Kanaco,230077,manual_review,collected only 0% of reported (0_47%)
2025-08-12T19:17:42.301695Z,Spinel13,230443,manual_review,reported>0 but collected==0 (private/blocked)
2025-08-12T19:17:53.461883Z,Croon,232443,manual_review,collected only 2% of reported (2_14%)
2025-08-12T19:17:58.206418Z,Lindle,232951,manual_review,collected only 0% of reported (0_96%)
2025-08-12T19:18:00.029760Z,KingCrimsonXIV,233558,manual_review,reported>0 but collected==0 (private/blocked)
2025-08-12T19:18:01.441760Z,aejira,233563,manual_review,reported>0 but collected==0 (private/blocked)
2025-08-12T19:18:06.873215Z,hikikomori-chan,237424,manual_review,collected only 0% of reported (0_83%)
2025-08-12T19:18:16.837093Z,PopsicleEmperor,238003,manual_review,collected only 0% of reported (0_14%)
2025-08-12T19:18:22.062836Z,Miwa-,240698,manual_review,collected only 0% of reported (0_13%)
2025-08-12T19:18:31.638236Z,Sidnia,242130,manual_review,collected only 1% of reported (1_33%)
2025-08-12T19:18:33.577215Z,Shichiyou,243141,manual_review,reported>0 but collected==0 (private/blocked)
2025-08-12T19:18:35.247568Z,dobe,243307,manual_review,reported>0 but collected==0 (private/blocked)
2025-08-12T19:18:41.336494Z,cheesecrayons,246691,manual_review,collected only 2% of reported (2_94%)
2025-08-12T19:18:52.095333Z,inorinouta,252517,manual_review,collected only 0% of reported (0_66%)
2025-08-12T19:18:56.572724Z,Reksho,253446,manual_review,collected only 4% of reported (4_84%)
2025-08-12T19:19:02.223144Z,DaveBrickheart,256646,manual_review,collected only 0% of reported (0_05%)
2025-08-12T19:19:08.545565Z,Misoneism,258845,manual_review,collected only 13% of reported (13_41%)
2025-08-12T19:19:13.457677Z,fesc,259330,manual_review,collected only 1% of reported (1_15%)
2025-08-12T19:19:15.212960Z,84DaysWithout,259533,manual_review,reported>0 but collected==0 (private/blocked)
2025-08-12T19:19:17.061153Z,warflango,260231,manual_review,reported>0 but collected==0 (private/blocked)
2025-08-12T19:19:22.772756Z,Nikynaky,264002,manual_review,collected only 4% of reported (4_10%)
2025-08-12T19:19:32.536851Z,3rdLast,266037,manual_review,collected only 2% of reported (2_46%)
2025-08-12T19:19:39.834044Z,Liinah,272160,manual_review,collected only 0% of reported (0_63%)
2025-08-12T19:20:04.901500Z,Masserati_,276749,manual_review,collected only 2% of reported (2_94%)
2025-08-12T19:20:11.304957Z,xMeitantei,280390,manual_review,collected only 4% of reported (4_20%)
2025-08-12T19:20:16.164411Z,candybar,280526,manual_review,collected only 2% of reported (2_06%)
2025-08-12T19:20:21.206375Z,ShadowGore,282952,manual_review,collected only 0% of reported (0_70%)
2025-08-12T19:20:25.905143Z,YORERU,287184,manual_review,collected only 1% of reported (1_01%)
2025-08-12T19:20:30.719826Z,Grecefar,289045,manual_review,collected only 0% of reported (0_99%)
2025-08-12T19:20:35.302572Z,Mister_J,289602,manual_review,collected only 12% of reported (12_42%)
2025-08-12T19:22:51.891352Z,GrimmReaperv2,297273,manual_review,collected only 2% of reported (2_61%)
2025-08-12T19:23:05.744454Z,UsagiAddict,298580,manual_review,collected only 0% of reported (0_71%)
2025-08-12T19:23:07.705454Z,Tsurumi,299392,manual_review,reported>0 but collected==0 (private/blocked)
2025-08-12T19:23:12.421555Z,nekachan,301741,manual_review,collected only 5% of reported (5_56%)
2025-08-12T19:23:22.363647Z,Onecat,302828,manual_review,collected only 1% of reported (1_09%)
2025-08-12T19:23:39.468413Z,Idealist,317229,manual_review,collected only 9% of reported (9_34%)
2025-08-12T19:23:44.781512Z,HotCrossBuns,318118,manual_review,collected only 1% of reported (1_07%)
2025-08-12T19:23:51.764022Z,eau-de-gloom,322099,manual_review,collected only 3% of reported (3_80%)
2025-08-12T19:23:59.377445Z,iThink,322132,manual_review,collected only 1% of reported (1_48%)
2025-08-12T19:24:03.940783Z,Kazeh64,323287,manual_review,collected only 0% of reported (0_84%)
2025-08-12T19:24:08.967803Z,HosannaExcelsis,324671,manual_review,collected only 1% of reported (1_39%)
2025-08-12T19:24:15.163730Z,Exterminans,327085,manual_review,collected only 7% of reported (7_06%)
2025-08-12T19:24:20.362247Z,Asaki__Kazushi,327535,manual_review,collected only 0% of reported (0_47%)
2025-08-12T19:24:25.785102Z,FrozenSnow,328419,manual_review,collected only 1% of reported (1_38%)
2025-08-12T19:24:31.332600Z,Dable,330794,manual_review,collected only 3% of reported (3_26%)
2025-08-12T19:24:35.801842Z,lEona8FZ,330890,manual_review,collected only 1% of reported (1_12%)
2025-08-12T19:24:42.569293Z,CelestialSonata,334309,manual_review,collected only 2% of reported (2_86%)
2025-08-12T19:24:53.195143Z,LadyGloria,338101,manual_review,reported>0 but collected==0 (private/blocked)
2025-08-12T19:24:57.473562Z,Jcranjel,338180,manual_review,collected only 6% of reported (6_00%)
2025-08-12T19:25:08.468457Z,Coldvit,340898,manual_review,collected only 1% of reported (1_37%)
2025-08-12T19:25:11.101496Z,Szczurek622,344070,manual_review,reported>0 but collected==0 (private/blocked)
2025-08-12T19:25:16.958948Z,Voitelukukko,347591,manual_review,collected only 8% of reported (8_06%)
2025-08-12T19:25:19.473057Z,soo-yung,349631,manual_review,reported>0 but collected==0 (private/blocked)
2025-08-12T19:25:26.453801Z,Kennit,352611,manual_review,collected only 1% of reported (1_69%)
2025-08-12T19:25:30.964919Z,tenshinextdoor,352998,manual_review,collected only 2% of reported (2_84%)
2025-08-12T19:25:33.434988Z,puddingislove,355324,manual_review,reported>0 but collected==0 (private/blocked)
2025-08-12T19:25:35.224399Z,ElNinja,355916,manual_review,reported>0 but collected==0 (private/blocked)
2025-08-12T19:25:42.340329Z,Anilcadz91,359067,manual_review,reported>0 but collected==0 (private/blocked)
2025-08-12T19:25:47.887484Z,Fuksi,363175,manual_review,collected only 0% of reported (0_56%)
2025-08-12T19:25:58.269283Z,Tscheche,374053,manual_review,collected only 3% of reported (3_55%)
2025-08-12T19:26:06.918204Z,Tawm,381611,manual_review,collected only 9% of reported (9_60%)
2025-08-12T19:26:10.937574Z,003985,388398,manual_review,reported>0 but collected==0 (private/blocked)
2025-08-12T19:26:12.336156Z,MrSake,389227,manual_review,reported>0 but collected==0 (private/blocked)
2025-08-12T19:26:17.444045Z,animatedink,391441,manual_review,collected only 2% of reported (2_24%)
2025-08-12T19:26:25.511055Z,ONEESAMAAA,398676,manual_review,collected only 6% of reported (6_50%)
2025-08-12T19:26:36.811865Z,Armitage87,402394,manual_review,reported>0 but collected==0 (private/blocked)
2025-08-12T19:26:41.556856Z,imBaBoy,402953,manual_review,collected only 0% of reported (0_40%)
2025-08-12T19:26:43.373228Z,Caps101,404147,manual_review,reported>0 but collected==0 (private/blocked)
2025-08-12T19:26:48.088888Z,Ticket,405059,manual_review,collected only 6% of reported (6_33%)
2025-08-12T19:26:56.155486Z,croosboy,410986,manual_review,collected only 0% of reported (0_08%)
2025-08-12T19:27:08.120687Z,scarylarry316,419929,manual_review,collected only 7% of reported (7_64%)
2025-08-12T19:27:09.436327Z,neverchris,419951,manual_review,reported>0 but collected==0 (private/blocked)
2025-08-12T19:27:13.830497Z,simukis,420850,manual_review,collected only 4% of reported (4_75%)
2025-08-12T19:27:18.702400Z,Kiiba,423458,manual_review,collected only 0% of reported (0_58%)
2025-08-12T19:27:24.109936Z,Pixiedustaddict,424842,manual_review,collected only 2% of reported (2_67%)
2025-08-12T19:27:28.908737Z,Gomizilla,425103,manual_review,collected only 1% of reported (1_15%)
2025-08-12T19:27:37.798523Z,ReaperCreeper,429219,manual_review,collected only 0% of reported (0_24%)
2025-08-12T19:27:43.423361Z,fmj616,432222,manual_review,collected only 3% of reported (3_44%)
2025-08-12T19:27:53.262910Z,IzunaMomohime,444447,manual_review,collected only 2% of reported (2_31%)
2025-08-12T19:27:57.466522Z,Redubdeath,449803,manual_review,reported>0 but collected==0 (private/blocked)
2025-08-12T19:28:02.725081Z,Kaida13th,450288,manual_review,collected only 1% of reported (1_99%)
2025-08-12T19:28:07.890600Z,SheyCroix,452895,manual_review,collected only 2% of reported (2_46%)
2025-08-12T19:28:15.088113Z,IX9,455681,manual_review,reported>0 but collected==0 (private/blocked)
2025-08-12T19:28:20.900036Z,ivymura,459383,manual_review,collected only 1% of reported (1_28%)
2025-08-12T19:28:37.483895Z,z4yd,469860,manual_review,collected only 0% of reported (0_87%)
2025-08-12T19:28:42.258233Z,snawwy,470501,manual_review,collected only 2% of reported (2_46%)
2025-08-12T19:28:45.430712Z,LabcoatYandere,474638,manual_review,reported>0 but collected==0 (private/blocked)
2025-08-12T19:29:05.772856Z,SagiRDT,476885,manual_review,collected only 3% of reported (3_73%)
2025-08-12T19:29:07.956610Z,ChiYama,477658,manual_review,reported>0 but collected==0 (private/blocked)
2025-08-12T19:29:23.654425Z,Ekati,485716,manual_review,collected only 0% of reported (0_13%)
2025-08-12T19:29:25.339259Z,Noire,486028,manual_review,reported>0 but collected==0 (private/blocked)
2025-08-12T19:29:39.453429Z,Shaeck,489227,manual_review,collected only 7% of reported (7_05%)
2025-08-12T19:29:41.185442Z,samatoki,489604,manual_review,reported>0 but collected==0 (private/blocked)
2025-08-12T19:29:42.720268Z,kuukan,490129,manual_review,reported>0 but collected==0 (private/blocked)
2025-08-12T19:29:45.806725Z,lunuju,493355,manual_review,reported>0 but collected==0 (private/blocked)
2025-08-12T19:29:47.174308Z,Yuri_GxG,493368,manual_review,reported>0 but collected==0 (private/blocked)
2025-08-12T19:29:53.543684Z,DarkNighty,498313,manual_review,collected only 0% of reported (0_87%)
2025-08-12T19:29:57.797592Z,Droneling,504205,manual_review,reported>0 but collected==0 (private/blocked)
2025-08-12T19:30:13.106030Z,alkamfell,511696,manual_review,collected only 1% of reported (1_17%)
2025-08-12T19:30:20.091145Z,Neri-sama,514596,manual_review,collected only 9% of reported (9_80%)
2025-08-12T19:30:35.672163Z,Nigiyakana,540649,manual_review,collected only 2% of reported (2_88%)
2025-08-12T19:30:41.713061Z,PinkHeart19,543333,manual_review,collected only 1% of reported (1_40%)
2025-08-12T19:30:54.904710Z,Gedvuvdvjbch,560849,manual_review,reported>0 but collected==0 (private/blocked)
2025-08-12T19:30:59.966097Z,Daizuko,562629,manual_review,collected only 1% of reported (1_39%)
2025-08-12T19:31:10.293722Z,Natsukage180,687113,manual_review,collected only 3% of reported (3_03%)
2025-08-12T19:31:14.950995Z,TheAdrianAV,799201,manual_review,reported>0 but collected==0 (private/blocked)
2025-08-12T19:31:17.096455Z,Ace_demo2,826541,manual_review,reported>0 but collected==0 (private/blocked)
2025-08-12T19:31:23.005409Z,Onbuu,886183,manual_review,collected only 0% of reported (0_33%)
2025-08-12T19:31:46.020346Z,EmirinSama,1046821,manual_review,collected only 15% of reported (15_16%)
2025-08-12T19:31:47.354781Z,haylazmask,1048293,manual_review,reported>0 but collected==0 (private/blocked)
2025-08-12T19:31:49.982173Z,xXxAiZeNxXx,1059287,manual_review,reported>0 but collected==0 (private/blocked)
2025-08-12T19:31:54.578797Z,nananagi,1063085,manual_review,collected only 0% of reported (0_33%)
2025-08-12T19:31:59.529632Z,Niiniberry,1069307,manual_review,collected only 1% of reported (1_05%)
2025-08-12T19:32:03.991943Z,SoOLTy,1069833,manual_review,collected only 0% of reported (0_38%)
2025-08-12T19:32:05.954345Z,Munja,1072371,manual_review,reported>0 but collected==0 (private/blocked)
2025-08-12T19:32:11.218928Z,Rojikku,1078669,manual_review,collected only 2% of reported (2_37%)
2025-08-12T19:33:22.174312Z,ghostrunn3r,1113647,manual_review,reported>0 but collected==0 (private/blocked)
2025-08-12T19:33:26.664498Z,HauntedWill,1113745,manual_review,collected only 0% of reported (0_28%)
2025-08-12T19:33:31.152587Z,KawaiiSlowpoke,1114037,manual_review,collected only 2% of reported (2_67%)
2025-08-12T19:33:36.340508Z,isaychris,1117293,manual_review,collected only 1% of reported (1_17%)
2025-08-12T19:33:41.149154Z,INDYKU,1120729,manual_review,collected only 0% of reported (0_47%)
2025-08-12T19:33:49.708019Z,Clypsedra,1144889,manual_review,collected only 8% of reported (8_36%)
2025-08-12T19:33:54.329373Z,Chujztym,1175055,manual_review,reported>0 but collected==0 (private/blocked)
2025-08-12T19:33:56.041322Z,vankouwenhoven,1179821,manual_review,reported>0 but collected==0 (private/blocked)
2025-08-12T19:34:12.248931Z,FuwaFuwaSheep,1190829,manual_review,reported>0 but collected==0 (private/blocked)
2025-08-12T19:34:19.237705Z,Nemausus,1196595,manual_review,reported>0 but collected==0 (private/blocked)
2025-08-12T19:34:25.065267Z,AceDvazz,1203795,manual_review,collected only 1% of reported (1_70%)
2025-08-12T19:34:26.440062Z,JimmyJax,1207653,manual_review,reported>0 but collected==0 (private/blocked)
2025-08-12T19:34:34.709251Z,aslkdfn,1229971,manual_review,collected only 5% of reported (5_15%)
2025-08-12T19:34:40.073686Z,Wraithborn,1237529,manual_review,collected only 1% of reported (1_65%)
2025-08-12T19:34:55.966481Z,Peri_,1260187,manual_review,collected only 2% of reported (2_15%)
2025-08-12T19:34:58.263790Z,GubbyMan,1263383,manual_review,reported>0 but collected==0 (private/blocked)
2025-08-12T19:35:06.605352Z,Hinori,1279293,manual_review,reported>0 but collected==0 (private/blocked)
2025-08-12T19:35:07.978861Z,itoen,1280587,manual_review,reported>0 but collected==0 (private/blocked)
2025-08-12T19:35:13.848545Z,Teefa,1286263,manual_review,collected only 2% of reported (2_01%)
2025-08-12T19:35:19.039713Z,Netwizard2003,1286431,manual_review,collected only 17% of reported (17_04%)
2025-08-12T19:35:24.512793Z,Vicemilan,1302099,manual_review,collected only 1% of reported (1_36%)
2025-08-12T19:35:30.246074Z,AZNsensation24,1312121,manual_review,collected only 1% of reported (1_59%)
2025-08-12T19:35:35.799820Z,S0l0,1339075,manual_review,reported>0 but collected==0 (private/blocked)
2025-08-12T19:35:40.921322Z,Fr0zenYeti,1343341,manual_review,collected only 4% of reported (4_20%)
2025-08-12T19:35:45.789827Z,Miphie,1353781,manual_review,collected only 1% of reported (1_51%)
2025-08-12T19:35:47.689053Z,Kintah,1355393,manual_review,reported>0 but collected==0 (private/blocked)
2025-08-12T19:36:28.542469Z,jar_of_stars,1362747,manual_review,reported>0 but collected==0 (private/blocked)
2025-08-12T19:36:33.474429Z,Rilakkuma50,1364137,manual_review,collected only 0% of reported (0_57%)
2025-08-12T19:36:38.633684Z,Locolin,1366463,manual_review,collected only 2% of reported (2_30%)
2025-08-12T19:36:43.341918Z,LiloWeeaboo,1368833,manual_review,collected only 2% of reported (2_15%)
2025-08-12T19:36:47.980284Z,Gurthang,1369049,manual_review,collected only 0% of reported (0_49%)
2025-08-12T19:36:58.035563Z,Manel,1382983,manual_review,collected only 2% of reported (2_23%)
2025-08-12T19:36:59.806472Z,MikuAnime,1384669,manual_review,reported>0 but collected==0 (private/blocked)
2025-08-12T19:37:04.483324Z,King_Kazuma,1387735,manual_review,collected only 2% of reported (2_35%)
2025-08-12T19:37:18.056640Z,kimmochi,1399827,manual_review,collected only 11% of reported (11_65%)
2025-08-12T19:37:23.279298Z,SeYp,1404331,manual_review,collected only 0% of reported (0_84%)
2025-08-12T19:37:24.650043Z,trickeri,1404367,manual_review,reported>0 but collected==0 (private/blocked)
2025-08-12T19:37:47.516375Z,SamuraiFlamingo,1414235,manual_review,collected only 1% of reported (1_18%)
2025-08-12T19:37:53.264418Z,Asuna-tan,1430717,manual_review,collected only 0% of reported (0_50%)
2025-08-12T19:37:55.302763Z,Eyseer,1434067,manual_review,reported>0 but collected==0 (private/blocked)
2025-08-12T19:38:01.031583Z,TehMelays,1442199,manual_review,collected only 3% of reported (3_69%)
2025-08-12T19:38:03.734625Z,Hibanakage,1449671,manual_review,reported>0 but collected==0 (private/blocked)
2025-08-12T19:38:16.340630Z,NishizawaMihashi,1475875,manual_review,collected only 3% of reported (3_20%)
2025-08-12T19:38:23.501690Z,CLYDESDALE,1499797,manual_review,collected only 1% of reported (1_58%)
2025-08-12T19:38:47.597369Z,Divertino,1519455,manual_review,collected only 1% of reported (1_69%)
2025-08-12T19:39:56.268375Z,LazierLily,1565921,manual_review,collected only 0% of reported (0_97%)
2025-08-12T19:40:02.552080Z,KatiePls,1584265,manual_review,collected only 8% of reported (8_76%)
2025-08-12T19:40:08.487379Z,zZombie,1616481,manual_review,collected only 1% of reported (1_06%)
2025-08-12T19:40:13.775286Z,DarKLorDHD,1635387,manual_review,collected only 4% of reported (4_08%)
2025-08-12T19:40:22.937792Z,Eternaloid,1692593,manual_review,collected only 0% of reported (0_43%)
2025-08-12T19:40:27.838073Z,Akudo,1700283,manual_review,collected only 2% of reported (2_32%)
2025-08-12T19:40:32.212353Z,FrozenShogun,1700419,manual_review,collected only 10% of reported (10_86%)
2025-08-12T19:40:37.497186Z,Reconciled,1706907,manual_review,collected only 2% of reported (2_06%)
2025-08-12T19:40:39.862311Z,Sss_,1724691,manual_review,reported>0 but collected==0 (private/blocked)
2025-08-12T19:40:44.840570Z,DutchAcer,1725359,manual_review,collected only 0% of reported (0_09%)
2025-08-12T19:40:48.357531Z,LINEAttack,1751785,manual_review,reported>0 but collected==0 (private/blocked)
2025-08-12T19:40:54.970759Z,centauro,1778159,manual_review,collected only 0% of reported (0_33%)
2025-08-12T19:41:00.537080Z,Rikerd,1801863,manual_review,collected only 0% of reported (0_68%)
2025-08-12T19:41:03.504503Z,MCA5EY,1822539,manual_review,reported>0 but collected==0 (private/blocked)
2025-08-12T19:41:09.151117Z,marcelb,1840682,manual_review,collected only 0% of reported (0_51%)
2025-08-12T19:41:10.592136Z,FaRaMere,1841532,manual_review,reported>0 but collected==0 (private/blocked)
2025-08-12T19:41:24.215750Z,arlerts,1846260,manual_review,reported>0 but collected==0 (private/blocked)
2025-08-12T19:41:26.734117Z,The_Maverick013,1860468,manual_review,reported>0 but collected==0 (private/blocked)
2025-08-12T19:41:37.543450Z,Pietru,1888974,manual_review,collected only 1% of reported (1_10%)
2025-08-12T19:41:42.048220Z,Lahvuun,1902546,manual_review,collected only 0% of reported (0_44%)
2025-08-12T19:41:44.242194Z,hy00i,1911398,manual_review,reported>0 but collected==0 (private/blocked)
2025-08-12T19:57:44.147160Z,david911rs,1915448,manual_review,collected only 1% of reported (1_59%)
2025-08-12T19:57:46.368080Z,Gaara_Crocodile,1918268,manual_review,reported>0 but collected==0 (private/blocked)
2025-08-12T19:57:51.097773Z,SengU87,1927658,manual_review,collected only 4% of reported (4_98%)
2025-08-12T19:58:06.202259Z,Izumin,1953880,manual_review,collected only 0% of reported (0_66%)
2025-08-12T19:58:12.052326Z,Kruszer,1964862,manual_review,collected only 0% of reported (0_46%)
2025-08-12T19:58:16.886765Z,Speakss,1967142,manual_review,collected only 1% of reported (1_13%)
2025-08-12T19:58:18.673994Z,_Roy,1978988,manual_review,reported>0 but collected==0 (private/blocked)
2025-08-12T19:58:21.779256Z,Otamegane716719,1992348,manual_review,reported>0 but collected==0 (private/blocked)
2025-08-12T19:58:23.896828Z,_Serenity_,1997214,manual_review,reported>0 but collected==0 (private/blocked)
2025-08-12T20:13:12.823364Z,CyberSpeek,2018357,manual_review,reported>0 but collected==0 (private/blocked)
2025-08-12T20:13:16.349108Z,Post-Moe,2057011,manual_review,reported>0 but collected==0 (private/blocked)
2025-08-12T20:13:22.284136Z,HaithamAI,2089683,manual_review,collected only 16% of reported (16_27%)
2025-08-12T20:13:23.865390Z,WEEBTRASH101,2093229,manual_review,reported>0 but collected==0 (private/blocked)
2025-08-12T20:13:29.537362Z,Shimaji,2106251,manual_review,collected only 8% of reported (8_31%)
2025-08-12T20:13:40.193200Z,RedCifer,2201279,manual_review,reported>0 but collected==0 (private/blocked)
2025-08-12T20:13:42.533945Z,Puchihime,2212273,manual_review,reported>0 but collected==0 (private/blocked)
2025-08-12T20:13:45.890427Z,HaiFwend,2236277,manual_review,reported>0 but collected==0 (private/blocked)
2025-08-12T20:30:09.156043Z,Jonnaemilia,2285463,manual_review,reported>0 but collected==0 (private/blocked)
2025-08-12T20:30:13.463481Z,YepItsPuddin,2285685,manual_review,collected only 7% of reported (7_69%)
2025-08-12T20:30:18.744005Z,nfdst,2306553,manual_review,collected only 1% of reported (1_25%)
2025-08-12T20:30:24.256150Z,Sabrina,2372339,manual_review,reported>0 but collected==0 (private/blocked)
2025-08-12T20:30:28.764318Z,Riku__Akayuki,2380141,manual_review,collected only 0% of reported (0_87%)
2025-08-12T20:46:39.105516Z,aeide,2386255,manual_review,collected only 12% of reported (12_94%)
2025-08-12T20:46:46.982046Z,TKX,2411491,manual_review,reported>0 but collected==0 (private/blocked)
2025-08-12T20:46:53.652142Z,MangoJellyy,2438825,manual_review,collected only 1% of reported (1_56%)
2025-08-12T20:46:56.195108Z,Kanina,2451451,manual_review,reported>0 but collected==0 (private/blocked)
2025-08-12T20:46:58.169393Z,Zaeno,2453309,manual_review,reported>0 but collected==0 (private/blocked)
2025-08-12T20:47:16.150053Z,Meriu,2486065,manual_review,collected only 3% of reported (3_15%)
2025-08-12T20:47:21.949037Z,KiRIOTom,2506453,manual_review,collected only 2% of reported (2_49%)
2025-08-12T20:47:36.424671Z,NicoScarface,2534745,manual_review,collected only 0% of reported (0_73%)
2025-08-12T21:03:53.444266Z,Vokuro,2622557,manual_review,reported>0 but collected==0 (private/blocked)
2025-08-12T21:03:55.648807Z,YTZONL6K,2627231,manual_review,reported>0 but collected==0 (private/blocked)
2025-08-12T21:04:00.435724Z,Kagayaki-,2639331,manual_review,collected only 3% of reported (3_04%)
2025-08-12T21:04:07.485067Z,Ary8Hachi,2665549,manual_review,collected only 0% of reported (0_57%)
2025-08-12T21:04:09.129280Z,PoidachiKaiNi,2666179,manual_review,reported>0 but collected==0 (private/blocked)
2025-08-12T21:04:13.941003Z,Nepgyaaaa,2668135,manual_review,collected only 1% of reported (1_53%)
2025-08-12T21:04:27.529540Z,abyssu93,2689631,manual_review,collected only 0% of reported (0_43%)
2025-08-12T21:04:28.946362Z,makuroh,2695637,manual_review,reported>0 but collected==0 (private/blocked)
2025-08-12T21:04:43.181058Z,WandererNyan,2720943,manual_review,reported>0 but collected==0 (private/blocked)
2025-08-12T21:04:48.872679Z,HunLydecker,2736299,manual_review,collected only 9% of reported (9_33%)
2025-08-12T21:04:55.788031Z,Riquium,2758639,manual_review,collected only 2% of reported (2_02%)
2025-08-12T21:05:00.800669Z,Rivelius,2765737,manual_review,collected only 4% of reported (4_50%)
2025-08-12T21:21:26.708609Z,Kanciarz,2771899,manual_review,collected only 0% of reported (0_15%)
2025-08-12T21:21:29.779489Z,AoiEmi,2797759,manual_review,reported>0 but collected==0 (private/blocked)
2025-08-12T21:21:36.802742Z,Grester,2805345,manual_review,reported>0 but collected==0 (private/blocked)
2025-08-12T21:21:38.262691Z,DeeeFoo,2808351,manual_review,reported>0 but collected==0 (private/blocked)
2025-08-12T21:21:43.360304Z,slpf,2822171,manual_review,collected only 1% of reported (1_19%)
2025-08-12T21:21:49.674070Z,oRFz,2867467,manual_review,collected only 1% of reported (1_94%)
2025-08-12T21:21:52.529021Z,Onava,2897497,manual_review,reported>0 but collected==0 (private/blocked)
2025-08-12T21:21:57.540654Z,Annndreiiita123,2908141,manual_review,collected only 0% of reported (0_81%)
2025-08-12T21:22:00.509819Z,Wolfsbane,2939389,manual_review,reported>0 but collected==0 (private/blocked)
2025-08-12T21:22:06.540738Z,Ryusenkei,2950541,manual_review,collected only 1% of reported (1_11%)
2025-08-12T21:37:47.989745Z,SuddenMender,3039723,manual_review,collected only 9% of reported (9_35%)
2025-08-12T21:37:57.941951Z,xoxoag,3050451,manual_review,reported>0 but collected==0 (private/blocked)
2025-08-12T21:38:02.995807Z,Sc1encuS,3059981,manual_review,collected only 2% of reported (2_99%)
2025-08-12T21:38:04.517158Z,TapsiHundi,3063735,manual_review,reported>0 but collected==0 (private/blocked)
2025-08-12T21:38:05.915804Z,BAakaR1e,3075707,manual_review,reported>0 but collected==0 (private/blocked)
2025-08-12T21:38:11.179703Z,HJayD,3079757,manual_review,collected only 19% of reported (19_96%)
2025-08-12T21:56:02.580462Z,AsiaPasia,3110413,manual_review,collected only 8% of reported (8_39%)
2025-08-12T21:56:17.487334Z,Misaorin,3128435,manual_review,collected only 0% of reported (0_13%)
2025-08-12T21:56:21.927038Z,Meesh-55,3128923,manual_review,collected only 1% of reported (1_50%)
2025-08-12T22:12:59.113080Z,MonkeyDnatsu,3179725,manual_review,collected only 7% of reported (7_80%)
2025-08-12T22:13:14.170712Z,IsanRichar,3202679,manual_review,reported>0 but collected==0 (private/blocked)
2025-08-12T22:13:28.451937Z,Nisien,3250627,manual_review,reported>0 but collected==0 (private/blocked)
2025-08-12T22:13:33.196040Z,Lokkys,3258999,manual_review,collected only 11% of reported (11_15%)
2025-08-12T22:30:39.329264Z,User-san,3267747,manual_review,collected only 2% of reported (2_88%)
2025-08-12T22:30:44.875773Z,o-chin-chin,3271719,manual_review,collected only 4% of reported (4_45%)
2025-08-12T22:30:46.332188Z,lumos2,3273259,manual_review,reported>0 but collected==0 (private/blocked)
2025-08-12T22:38:40.886323Z,Yzeelb,3276983,manual_review,collected only 0% of reported (0_21%)
2025-08-12T22:38:46.733874Z,Auxos,3283959,manual_review,collected only 1% of reported (1_31%)
2025-08-12T22:38:52.658751Z,Arramp,3305141,manual_review,collected only 1% of reported (1_03%)
2025-08-12T22:38:57.939086Z,Joyo,3311083,manual_review,collected only 2% of reported (2_38%)
2025-08-12T22:39:03.268784Z,zeroacez,3316027,manual_review,collected only 1% of reported (1_65%)
2025-08-12T22:39:07.707441Z,ru_mine,3316133,manual_review,collected only 0% of reported (0_20%)
2025-08-12T22:39:22.998738Z,Wagner0,3323159,manual_review,reported>0 but collected==0 (private/blocked)
2025-08-12T22:39:27.431104Z,CetiDeluge,3324543,manual_review,collected only 3% of reported (3_67%)
2025-08-12T22:39:28.912092Z,Jelven,3325409,manual_review,reported>0 but collected==0 (private/blocked)
2025-08-12T22:39:34.500272Z,DerOger,3330701,manual_review,collected only 2% of reported (2_36%)
2025-08-12T22:48:58.189751Z,b124177,3361701,manual_review,collected only 2% of reported (2_96%)
2025-08-12T22:49:06.564191Z,Mellima,3395861,manual_review,collected only 1% of reported (1_45%)
2025-08-12T22:49:12.215339Z,Buisenberry,3397481,manual_review,collected only 4% of reported (4_01%)
2025-08-12T22:49:16.932946Z,Otaku_ji,3400853,manual_review,collected only 3% of reported (3_02%)
2025-08-12T22:49:21.401515Z,Hiruton,3406177,manual_review,collected only 0% of reported (0_69%)
2025-08-12T22:49:25.869807Z,Dyude,3410089,manual_review,collected only 0% of reported (0_93%)
2025-08-12T22:49:39.196554Z,CallMeJZ,3414373,manual_review,collected only 1% of reported (1_46%)
2025-08-12T22:49:44.026322Z,lubsh0rn,3416909,manual_review,collected only 0% of reported (0_91%)
2025-08-12T22:49:53.708807Z,Airveen,3423769,manual_review,collected only 0% of reported (0_58%)
2025-08-12T22:49:55.962533Z,maaps,3429753,manual_review,reported>0 but collected==0 (private/blocked)
2025-08-12T22:50:01.473592Z,GreenAngel333,3437343,manual_review,collected only 5% of reported (5_25%)
2025-08-12T22:50:05.082986Z,zero36,3438221,manual_review,reported>0 but collected==0 (private/blocked)
2025-08-12T22:50:06.449873Z,XxDiechixX,3438843,manual_review,reported>0 but collected==0 (private/blocked)
2025-08-12T22:50:33.447359Z,MaximalDisguised,3451415,manual_review,collected only 0% of reported (0_52%)
2025-08-12T22:50:47.426044Z,BahamutZ1,3464595,manual_review,reported>0 but collected==0 (private/blocked)
2025-08-12T22:50:54.587751Z,Malthus,3471349,manual_review,collected only 0% of reported (0_91%)
2025-08-12T22:50:59.920267Z,AbyssWalker21,3473163,manual_review,collected only 1% of reported (1_11%)
2025-08-12T22:51:04.789023Z,KiyoXDragon,3474261,manual_review,collected only 2% of reported (2_64%)
2025-08-12T22:51:07.286771Z,flyonthewall,3481375,manual_review,reported>0 but collected==0 (private/blocked)
2025-08-12T22:51:35.776432Z,NostalgiaDrive94,3500179,manual_review,collected only 3% of reported (3_56%)
2025-08-12T22:51:47.187111Z,Gallade007,3513879,manual_review,reported>0 but collected==0 (private/blocked)
2025-08-12T22:51:56.942976Z,Asia81,3524503,manual_review,collected only 6% of reported (6_90%)
2025-08-12T22:52:02.996881Z,Magestifrack,3544865,manual_review,collected only 1% of reported (1_94%)
2025-08-12T22:52:29.067526Z,Rosaliae,3563963,manual_review,collected only 12% of reported (12_82%)
2025-08-12T22:52:33.986021Z,cosmicapprentice,3564967,manual_review,collected only 1% of reported (1_20%)
2025-08-12T22:52:35.682360Z,Agon1994,3567223,manual_review,reported>0 but collected==0 (private/blocked)
2025-08-12T22:52:37.053547Z,EvilGearZ,3569065,manual_review,reported>0 but collected==0 (private/blocked)
2025-08-12T22:52:38.123533Z,King_ofthe_Sea,3569259,manual_review,reported>0 but collected==0 (private/blocked)
2025-08-12T22:52:42.883581Z,Esterial,3572181,manual_review,collected only 3% of reported (3_20%)
2025-08-12T22:52:44.992866Z,Gralhadino,3576879,manual_review,reported>0 but collected==0 (private/blocked)
2025-08-12T22:52:52.104770Z,CDOBambu,3586829,manual_review,collected only 8% of reported (8_36%)
2025-08-12T22:52:56.542361Z,Valenth,3589213,manual_review,collected only 0% of reported (0_51%)
2025-08-12T22:52:59.727281Z,Meuse,3599627,manual_review,reported>0 but collected==0 (private/blocked)
2025-08-12T22:53:10.855687Z,MrocznyKotek,3610359,manual_review,collected only 8% of reported (8_92%)
2025-08-12T22:53:30.083875Z,RosalindStPixel,3633551,manual_review,reported>0 but collected==0 (private/blocked)
2025-08-12T22:53:44.734910Z,Miyukiko,3660059,manual_review,collected only 0% of reported (0_40%)
2025-08-12T22:53:52.655232Z,otegine,3670741,manual_review,reported>0 but collected==0 (private/blocked)
2025-08-12T22:53:57.054994Z,fretold,3674657,manual_review,collected only 2% of reported (2_75%)
2025-08-12T22:54:03.176101Z,currycurry,3691587,manual_review,collected only 5% of reported (5_48%)
2025-08-12T22:54:05.676908Z,SirMomen,3699821,manual_review,reported>0 but collected==0 (private/blocked)
2025-08-12T22:54:14.542833Z,YerinArelius,3729333,manual_review,collected only 1% of reported (1_13%)
2025-08-12T23:09:44.590837Z,Milk_is_Special,3740801,manual_review,collected only 0% of reported (0_84%)
2025-08-12T23:09:50.720542Z,Hanstopo,3748685,manual_review,collected only 2% of reported (2_83%)
2025-08-12T23:09:55.880605Z,Pookafuu,3754285,manual_review,collected only 8% of reported (8_76%)
2025-08-12T23:10:02.959593Z,Alyx182008,3770607,manual_review,collected only 1% of reported (1_45%)
2025-08-12T23:10:04.805574Z,Cuenken,3772087,manual_review,reported>0 but collected==0 (private/blocked)
2025-08-12T23:10:09.508372Z,Strawler,3773637,manual_review,collected only 11% of reported (11_18%)
2025-08-12T23:25:45.107057Z,Ulrian,3786733,manual_review,collected only 22% of reported (22_73%)
2025-08-12T23:25:47.315096Z,GlSai,3787785,manual_review,reported>0 but collected==0 (private/blocked)
2025-08-12T23:25:52.120334Z,Yoshi,3791573,manual_review,collected only 0% of reported (0_66%)
2025-08-12T23:25:54.029993Z,lazyanimebaka,3795857,manual_review,reported>0 but collected==0 (private/blocked)
2025-08-12T23:25:55.768752Z,SaniwaCFV,3798621,manual_review,reported>0 but collected==0 (private/blocked)
2025-08-12T23:26:12.791930Z,Jollyses,3807093,manual_review,collected only 0% of reported (0_60%)
2025-08-12T23:26:17.013163Z,Bunta126,3829119,manual_review,reported>0 but collected==0 (private/blocked)
2025-08-12T23:26:22.933190Z,Aatrayx,3837539,manual_review,collected only 18% of reported (18_51%)
2025-08-12T23:26:27.981978Z,H3llBag,3840017,manual_review,collected only 2% of reported (2_08%)
2025-08-12T23:26:29.792346Z,Gikiseima,3841975,manual_review,reported>0 but collected==0 (private/blocked)
2025-08-12T23:42:40.108952Z,bluetuna,3843545,manual_review,reported>0 but collected==0 (private/blocked)
2025-08-12T23:42:45.933124Z,FairyTemikoSung7,3854341,manual_review,collected only 2% of reported (2_20%)
2025-08-12T23:42:58.994673Z,Kokoberry00,3900335,manual_review,reported>0 but collected==0 (private/blocked)
2025-08-12T23:43:04.174247Z,FantaGG,3902493,manual_review,collected only 1% of reported (1_04%)
2025-08-12T23:43:07.377654Z,Nobahdi,3912613,manual_review,reported>0 but collected==0 (private/blocked)
2025-08-12T23:43:12.299022Z,KuzzSama,3915835,manual_review,collected only 14% of reported (14_00%)
2025-08-12T23:43:22.374636Z,Semajohn,3936433,manual_review,collected only 1% of reported (1_13%)
2025-08-12T23:43:26.479664Z,Kwickster,3953201,manual_review,reported>0 but collected==0 (private/blocked)
2025-08-12T23:43:31.737565Z,KILLERR,3959843,manual_review,collected only 2% of reported (2_89%)
2025-08-12T23:43:36.567122Z,Brati,3960633,manual_review,collected only 0% of reported (0_22%)
2025-08-12T23:59:47.090565Z,JCopZoro,3961601,manual_review,collected only 0% of reported (0_42%)
2025-08-12T23:59:48.710762Z,Dspike70,3962083,manual_review,reported>0 but collected==0 (private/blocked)
2025-08-12T23:59:52.666019Z,predius,3982223,manual_review,reported>0 but collected==0 (private/blocked)
2025-08-13T00:00:07.579494Z,Sord-kun,4001473,manual_review,collected only 0% of reported (0_16%)
2025-08-13T00:00:09.946009Z,Arbean26,4001733,manual_review,reported>0 but collected==0 (private/blocked)
2025-08-13T00:00:11.995718Z,FredTheGinga,4005779,manual_review,reported>0 but collected==0 (private/blocked)
2025-08-13T00:00:13.664758Z,Trashcanistan,4006183,manual_review,reported>0 but collected==0 (private/blocked)
2025-08-13T00:00:16.350461Z,DahJorz,4010503,manual_review,reported>0 but collected==0 (private/blocked)
2025-08-13T00:00:20.755849Z,Mjusick,4010683,manual_review,collected only 2% of reported (2_21%)
2025-08-13T00:00:23.101774Z,mona8708,4012701,manual_review,reported>0 but collected==0 (private/blocked)
2025-08-13T00:00:27.703326Z,StalkerFairy,4014961,manual_review,collected only 0% of reported (0_10%)
2025-08-13T00:18:07.350932Z,DarkZerberus,4018999,manual_review,collected only 0% of reported (0_73%)
2025-08-13T00:18:26.435709Z,Arc_Ayase,4076375,manual_review,collected only 0% of reported (0_78%)
2025-08-13T00:18:27.995677Z,xYukiri,4079557,manual_review,reported>0 but collected==0 (private/blocked)
2025-08-13T00:18:30.492805Z,Areodus,4084733,manual_review,reported>0 but collected==0 (private/blocked)
2025-08-13T00:18:32.618949Z,BLANKGENERAL99,4090021,manual_review,reported>0 but collected==0 (private/blocked)
2025-08-13T00:18:36.994180Z,gery900,4106559,manual_review,reported>0 but collected==0 (private/blocked)
2025-08-13T00:18:38.925922Z,LTSNM8,4111029,manual_review,reported>0 but collected==0 (private/blocked)
2025-08-13T00:18:44.988025Z,Fura-Lilith,4131519,manual_review,collected only 0% of reported (0_20%)
2025-08-13T00:18:51.248504Z,Manubm11,4146099,manual_review,collected only 1% of reported (1_48%)
2025-08-13T00:34:56.431560Z,LilyDO,4159655,manual_review,collected only 3% of reported (3_69%)
2025-08-13T00:34:58.213902Z,Lucidity108,4161063,manual_review,reported>0 but collected==0 (private/blocked)
2025-08-13T00:35:19.379117Z,WisdomRain,4192981,manual_review,collected only 0% of reported (0_76%)
2025-08-13T00:35:23.853731Z,JLGames,4195243,manual_review,collected only 1% of reported (1_04%)
2025-08-13T00:35:27.290578Z,MPro01123,4206933,manual_review,reported>0 but collected==0 (private/blocked)
2025-08-13T00:50:25.350139Z,smollyhurley,4213041,manual_review,collected only 1% of reported (1_91%)
2025-08-13T00:50:27.301744Z,dabakaguy,4214517,manual_review,reported>0 but collected==0 (private/blocked)
2025-08-13T00:50:34.087977Z,Gabanigaws,4227099,manual_review,collected only 3% of reported (3_81%)
2025-08-13T00:50:38.727913Z,TheFKhan,4229857,manual_review,collected only 5% of reported (5_05%)
2025-08-13T00:50:43.288309Z,berariu,4232723,manual_review,collected only 1% of reported (1_71%)
2025-08-13T00:50:44.900616Z,HappieRainie,4233597,manual_review,reported>0 but collected==0 (private/blocked)
2025-08-13T00:50:47.540160Z,Mae-sama,4237701,manual_review,reported>0 but collected==0 (private/blocked)
2025-08-13T00:50:53.452338Z,Maverick_83,4248747,manual_review,collected only 6% of reported (6_33%)
2025-08-13T00:50:58.846728Z,Ventusfreak,4251267,manual_review,collected only 0% of reported (0_80%)
2025-08-13T00:51:01.415090Z,CeltySenpai,4254825,manual_review,reported>0 but collected==0 (private/blocked)
2025-08-13T00:51:02.747440Z,Pavelius,4255235,manual_review,reported>0 but collected==0 (private/blocked)
2025-08-13T00:51:07.475736Z,Chajki,4255283,manual_review,collected only 2% of reported (2_49%)
2025-08-13T00:51:10.270511Z,Toppah,4258969,manual_review,reported>0 but collected==0 (private/blocked)
2025-08-13T01:07:01.139017Z,Bloyburt,4269327,manual_review,reported>0 but collected==0 (private/blocked)
2025-08-13T01:07:17.594399Z,Akazuki-sensei,4283823,manual_review,reported>0 but collected==0 (private/blocked)
2025-08-13T01:07:22.592898Z,nyaniia,4292879,manual_review,collected only 3% of reported (3_12%)
2025-08-13T01:07:24.712743Z,ozzynothing,4296247,manual_review,reported>0 but collected==0 (private/blocked)
2025-08-13T01:07:29.553589Z,SakuraSayuri223,4301269,manual_review,collected only 4% of reported (4_92%)
2025-08-13T01:07:31.422935Z,UnhappyNaru,4307105,manual_review,reported>0 but collected==0 (private/blocked)
2025-08-13T01:07:43.088905Z,allemandi96,4330147,manual_review,reported>0 but collected==0 (private/blocked)
2025-08-13T01:24:14.692420Z,KiriyamaYui,4332897,manual_review,reported>0 but collected==0 (private/blocked)
2025-08-13T01:24:18.221528Z,Flameblast525,4352527,manual_review,reported>0 but collected==0 (private/blocked)
2025-08-13T01:24:19.707580Z,Grimleal,4354819,manual_review,reported>0 but collected==0 (private/blocked)
2025-08-13T01:24:29.850585Z,MGAKaiser,4359225,manual_review,collected only 12% of reported (12_40%)
2025-08-13T01:24:34.874139Z,BlackZombieRiot,4361133,manual_review,collected only 21% of reported (21_94%)
2025-08-13T01:24:36.589277Z,windgod14,4363731,manual_review,reported>0 but collected==0 (private/blocked)
2025-08-13T01:40:07.760943Z,Firela,4378281,manual_review,collected only 0% of reported (0_89%)
2025-08-13T01:40:09.864058Z,ShiroKuroRdrop,4390241,manual_review,reported>0 but collected==0 (private/blocked)
2025-08-13T01:40:22.489572Z,GeorgeEvans,4395055,manual_review,collected only 2% of reported (2_14%)
2025-08-13T01:40:24.686372Z,Amerin,4400289,manual_review,reported>0 but collected==0 (private/blocked)
2025-08-13T01:40:26.575883Z,Wispyy,4401309,manual_review,reported>0 but collected==0 (private/blocked)
2025-08-13T01:40:42.171773Z,S_Y_Y,4407907,manual_review,collected only 0% of reported (0_90%)
2025-08-13T01:40:44.463237Z,Canin14,4416073,manual_review,reported>0 but collected==0 (private/blocked)
2025-08-13T01:40:46.081284Z,dsiv1742,4417707,manual_review,reported>0 but collected==0 (private/blocked)
2025-08-13T01:51:41.266501Z,Andreias,4422067,manual_review,collected only 0% of reported (0_59%)
2025-08-13T01:51:52.178264Z,Jarweezy,4433281,manual_review,collected only 4% of reported (4_30%)
2025-08-13T01:51:57.568307Z,vienarr,4434125,manual_review,collected only 13% of reported (13_29%)
2025-08-13T01:51:59.489923Z,Solumnant,4436109,manual_review,reported>0 but collected==0 (private/blocked)
2025-08-13T01:52:00.964586Z,Ketunroihu,4436849,manual_review,reported>0 but collected==0 (private/blocked)
2025-08-13T01:52:08.371828Z,Teo_man,4443783,manual_review,collected only 7% of reported (7_89%)
2025-08-13T01:52:10.058261Z,AlexandraIDV,4444760,manual_review,reported>0 but collected==0 (private/blocked)
2025-08-13T02:07:20.337394Z,Kaldaran,4446880,manual_review,reported>0 but collected==0 (private/blocked)
2025-08-13T02:07:45.703046Z,WendellRekka,4454099,manual_review,collected only 7% of reported (7_07%)
2025-08-13T02:07:51.450616Z,Ayanosenpai,4458066,manual_review,collected only 10% of reported (10_04%)
2025-08-13T02:07:58.158157Z,Bobban,4467512,manual_review,collected only 0% of reported (0_75%)
2025-08-13T02:08:03.145690Z,rayeine,4469395,manual_review,collected only 2% of reported (2_47%)
2025-08-13T02:21:47.548887Z,TheOtherUnicorn,4470075,manual_review,collected only 0% of reported (0_91%)
2025-08-13T02:22:05.390470Z,Verthandi,4476390,manual_review,reported>0 but collected==0 (private/blocked)
2025-08-13T02:22:10.825743Z,JaronLolz,4480644,manual_review,collected only 4% of reported (4_36%)
2025-08-13T02:22:15.001338Z,Waaaffles,4494387,manual_review,reported>0 but collected==0 (private/blocked)
2025-08-13T02:37:58.602868Z,atile20,4498648,manual_review,reported>0 but collected==0 (private/blocked)
2025-08-13T02:38:00.208163Z,AnJ95,4499711,manual_review,reported>0 but collected==0 (private/blocked)
2025-08-13T02:38:06.598940Z,Mororine,4506401,manual_review,collected only 1% of reported (1_08%)
2025-08-13T02:38:12.401320Z,Zetto22,4510654,manual_review,collected only 1% of reported (1_45%)
2025-08-13T02:38:17.443039Z,Drecg,4520836,manual_review,reported>0 but collected==0 (private/blocked)
2025-08-13T02:38:27.239402Z,Ivanyn,4522931,manual_review,collected only 0% of reported (0_55%)
2025-08-13T02:38:33.285778Z,Mingulino,4527203,manual_review,collected only 0% of reported (0_28%)
2025-08-13T02:38:38.421826Z,voyagedufou,4528824,manual_review,collected only 3% of reported (3_25%)
2025-08-13T02:38:40.533871Z,Man-Of-Memories,4533085,manual_review,reported>0 but collected==0 (private/blocked)
2025-08-13T02:38:45.221983Z,Guilion,4534434,manual_review,collected only 1% of reported (1_89%)
2025-08-13T02:38:50.081581Z,Vsegda7,4535745,manual_review,collected only 0% of reported (0_15%)
2025-08-13T02:38:56.665616Z,BrassMirage,4539382,manual_review,reported>0 but collected==0 (private/blocked)
2025-08-13T02:45:22.733590Z,labox3,4551249,manual_review,reported>0 but collected==0 (private/blocked)
2025-08-13T02:45:27.810830Z,Deathnotefan187,4554661,manual_review,collected only 11% of reported (11_86%)
2025-08-13T02:45:32.558528Z,Momoyama,4557519,manual_review,collected only 3% of reported (3_97%)
2025-08-13T02:45:34.099700Z,tao1,4558265,manual_review,reported>0 but collected==0 (private/blocked)
2025-08-13T02:45:44.469109Z,M_H_M,4560811,manual_review,collected only 2% of reported (2_82%)
2025-08-13T02:45:47.397188Z,cogitech,4566097,manual_review,reported>0 but collected==0 (private/blocked)
2025-08-13T02:45:57.421513Z,Anzumatsuri_,4568611,manual_review,collected only 8% of reported (8_00%)
2025-08-13T02:46:02.144721Z,Qbeta,4569241,manual_review,collected only 1% of reported (1_05%)
2025-08-13T02:47:43.470628Z,-Sabre-,4584712,manual_review,collected only 15% of reported (15_51%)
2025-08-13T02:48:38.939861Z,B1swaj1t,4598380,manual_review,collected only 10% of reported (10_35%)
2025-08-13T02:48:45.575398Z,Fates_Online,4603507,manual_review,collected only 2% of reported (2_42%)
2025-08-13T02:48:47.726636Z,RyanTheCannon,4605426,manual_review,reported>0 but collected==0 (private/blocked)
2025-08-13T02:49:01.198125Z,APCSouza,4613454,manual_review,reported>0 but collected==0 (private/blocked)
2025-08-13T02:49:03.824835Z,ny0r7,4617908,manual_review,reported>0 but collected==0 (private/blocked)
2025-08-13T02:49:10.513090Z,Mels-on-Wheels,4631096,manual_review,reported>0 but collected==0 (private/blocked)
2025-08-13T02:49:12.609687Z,Aequonox,4633678,manual_review,reported>0 but collected==0 (private/blocked)
2025-08-13T02:49:28.871463Z,-JUNNi-,4655112,manual_review,reported>0 but collected==0 (private/blocked)
2025-08-13T02:49:37.513036Z,Amadeus_80,4672774,manual_review,collected only 0% of reported (0_54%)
2025-08-13T02:49:55.746982Z,Shadow159753,4686104,manual_review,reported>0 but collected==0 (private/blocked)
2025-08-13T02:49:57.145062Z,SBS1984,4686879,manual_review,reported>0 but collected==0 (private/blocked)
2025-08-13T02:49:59.433086Z,SummerRainbowz,4688546,manual_review,reported>0 but collected==0 (private/blocked)
2025-08-13T02:50:00.927323Z,LnL7,4689466,manual_review,reported>0 but collected==0 (private/blocked)
2025-08-13T02:50:41.799109Z,Kubbyez,4707286,manual_review,reported>0 but collected==0 (private/blocked)
2025-08-13T02:50:46.967485Z,I-Chrome,4710777,manual_review,collected only 0% of reported (0_78%)
2025-08-13T02:50:53.064220Z,Shigyu,4711761,manual_review,collected only 5% of reported (5_31%)
2025-08-13T02:51:11.759024Z,AkiSorraCat,4721887,manual_review,collected only 1% of reported (1_65%)
2025-08-13T02:51:27.186871Z,AngelicSwift,4733546,manual_review,collected only 8% of reported (8_38%)
2025-08-13T02:51:32.834876Z,Iustinas_,4738117,manual_review,collected only 6% of reported (6_76%)
2025-08-13T02:51:45.888222Z,Linky37,4751034,manual_review,collected only 2% of reported (2_48%)
2025-08-13T02:51:51.090820Z,Ki3ie,4760430,manual_review,reported>0 but collected==0 (private/blocked)
2025-08-13T02:51:56.450618Z,Giannis-Kavv,4777862,manual_review,reported>0 but collected==0 (private/blocked)
2025-08-13T02:52:02.935225Z,xdk78,4784533,manual_review,collected only 1% of reported (1_32%)
2025-08-13T02:52:15.204429Z,Xonic6,4786611,manual_review,collected only 0% of reported (0_13%)
2025-08-13T02:52:25.769657Z,_Kairu_,4791710,manual_review,collected only 4% of reported (4_69%)
2025-08-13T02:52:27.687954Z,hzr,4792795,manual_review,reported>0 but collected==0 (private/blocked)
2025-08-13T02:52:33.649161Z,SirLezard,4800857,manual_review,collected only 6% of reported (6_75%)
2025-08-13T02:52:43.679739Z,ZinxSter,4802833,manual_review,collected only 1% of reported (1_13%)
2025-08-13T02:52:48.576989Z,Smiling_Watcher,4804644,manual_review,collected only 11% of reported (11_93%)
2025-08-13T02:52:53.285120Z,Wazefock,4804972,manual_review,collected only 0% of reported (0_32%)
2025-08-13T02:52:58.671522Z,Dargfex,4807284,manual_review,collected only 11% of reported (11_09%)
2025-08-13T02:53:04.909257Z,floppywave,4811669,manual_review,collected only 1% of reported (1_72%)
2025-08-13T02:53:14.674570Z,Niphora,4823585,manual_review,reported>0 but collected==0 (private/blocked)
2025-08-13T02:53:16.448194Z,fennecfuz,4826832,manual_review,reported>0 but collected==0 (private/blocked)
2025-08-13T02:53:22.604394Z,Arenhite,4833884,manual_review,collected only 0% of reported (0_67%)
2025-08-13T02:53:40.227253Z,blurx,4853019,manual_review,reported>0 but collected==0 (private/blocked)
2025-08-13T02:53:44.784971Z,cognitive,4855163,manual_review,collected only 1% of reported (1_50%)
2025-08-13T02:53:50.439879Z,Mugr,4857169,manual_review,collected only 4% of reported (4_49%)
2025-08-13T02:54:57.099836Z,Celdaelet,4880899,manual_review,reported>0 but collected==0 (private/blocked)
2025-08-13T02:55:01.344462Z,LightsOut263,4891322,manual_review,reported>0 but collected==0 (private/blocked)
2025-08-13T02:55:04.594453Z,redrenjuns,4897108,manual_review,reported>0 but collected==0 (private/blocked)
2025-08-13T02:55:06.424239Z,maskedapple,4897774,manual_review,reported>0 but collected==0 (private/blocked)
2025-08-13T02:55:09.889701Z,kerisha123,4907144,manual_review,reported>0 but collected==0 (private/blocked)
2025-08-13T02:55:14.629452Z,Ember_Blackwood,4907383,manual_review,collected only 3% of reported (3_23%)
2025-08-13T02:55:18.626654Z,InfiniteX777,4919571,manual_review,reported>0 but collected==0 (private/blocked)
2025-08-13T02:55:23.762827Z,ILostMyGhost98,4920924,manual_review,collected only 3% of reported (3_06%)
2025-08-13T02:55:25.238166Z,cieleden,4922786,manual_review,reported>0 but collected==0 (private/blocked)
2025-08-13T02:55:47.327858Z,vwennight,4932671,manual_review,collected only 3% of reported (3_50%)
2025-08-13T02:56:01.620843Z,Kitkatherine,4941165,manual_review,reported>0 but collected==0 (private/blocked)
2025-08-13T02:56:08.000711Z,gr8alex,4943719,manual_review,collected only 2% of reported (2_26%)
2025-08-13T02:56:13.312295Z,Kunfusui,4944704,manual_review,collected only 2% of reported (2_88%)
2025-08-13T02:56:17.833193Z,DenkaAkumaPedro,4945427,manual_review,collected only 1% of reported (1_58%)
2025-08-13T02:56:23.577001Z,LumiNico,4950977,manual_review,collected only 0% of reported (0_26%)
2025-08-13T02:56:41.563039Z,The_wizardess,4958938,manual_review,collected only 1% of reported (1_80%)
2025-08-13T02:56:43.884521Z,Archieir,4963390,manual_review,reported>0 but collected==0 (private/blocked)
2025-08-13T02:56:45.737243Z,abdullah_senbay,4966248,manual_review,reported>0 but collected==0 (private/blocked)
2025-08-13T02:56:47.256288Z,Otaku-4-Life,4966857,manual_review,reported>0 but collected==0 (private/blocked)
2025-08-13T02:56:55.549388Z,Hyakkibutter,4979142,manual_review,reported>0 but collected==0 (private/blocked)
2025-08-13T02:57:11.790488Z,Gabb97,4986307,manual_review,reported>0 but collected==0 (private/blocked)
2025-08-13T02:57:15.001306Z,Akzhu7,4987930,manual_review,reported>0 but collected==0 (private/blocked)
2025-08-13T02:57:17.974708Z,Coperh,4993121,manual_review,reported>0 but collected==0 (private/blocked)
2025-08-13T02:57:24.895782Z,DRGreen7,5005909,manual_review,collected only 1% of reported (1_68%)
2025-08-13T02:57:53.526638Z,ElliotAl,5014841,manual_review,collected only 12% of reported (12_18%)
2025-08-13T02:58:13.365468Z,moko22,5032595,manual_review,collected only 3% of reported (3_06%)
2025-08-13T02:58:24.564473Z,MaybeMeg,5051979,manual_review,reported>0 but collected==0 (private/blocked)
2025-08-13T02:58:26.726914Z,ComfortablyDumb,5053927,manual_review,reported>0 but collected==0 (private/blocked)
2025-08-13T02:58:28.821282Z,joaodovar,5058207,manual_review,reported>0 but collected==0 (private/blocked)
2025-08-13T02:58:35.587327Z,PCkillerY2K,5061878,manual_review,reported>0 but collected==0 (private/blocked)
2025-08-13T02:58:57.399880Z,VoltainMK2,5063985,manual_review,reported>0 but collected==0 (private/blocked)
2025-08-13T02:59:21.088449Z,Rei_III,5074178,manual_review,collected only 2% of reported (2_27%)
2025-08-13T02:59:28.972440Z,rainyda_ze,5083641,manual_review,collected only 0% of reported (0_17%)
2025-08-13T02:59:34.518097Z,Kumouri,5084651,manual_review,collected only 2% of reported (2_60%)
2025-08-13T02:59:39.178802Z,PacotheGamer,5085043,manual_review,collected only 2% of reported (2_67%)
2025-08-13T02:59:40.260249Z,Hiload,5085451,manual_review,reported>0 but collected==0 (private/blocked)
2025-08-13T02:59:45.858064Z,Rafaellll,5088062,manual_review,collected only 0% of reported (0_27%)
2025-08-13T02:59:50.691595Z,Wuschelkopf,5099269,manual_review,reported>0 but collected==0 (private/blocked)
2025-08-13T02:59:52.057012Z,Wichtelmeister,5099382,manual_review,reported>0 but collected==0 (private/blocked)
2025-08-13T03:00:01.044204Z,Daegon17,5112965,manual_review,collected only 1% of reported (1_26%)
2025-08-13T03:00:14.064967Z,_lucas3002_,5121299,manual_review,reported>0 but collected==0 (private/blocked)
2025-08-13T03:00:15.424305Z,marnix_de_jager,5121336,manual_review,reported>0 but collected==0 (private/blocked)
2025-08-13T03:00:22.552721Z,MorningStarGG,5122789,manual_review,reported>0 but collected==0 (private/blocked)
2025-08-13T03:00:27.740980Z,NZ3R0K,5124705,manual_review,collected only 0% of reported (0_06%)
2025-08-13T03:00:46.007605Z,Bst222,5150689,manual_review,collected only 0% of reported (0_73%)
2025-08-13T03:00:49.071892Z,iDeece,5157312,manual_review,reported>0 but collected==0 (private/blocked)
2025-08-13T03:00:53.826254Z,Faryshta,5158600,manual_review,collected only 3% of reported (3_80%)
2025-08-13T03:00:55.311840Z,LunaKata,5158645,manual_review,reported>0 but collected==0 (private/blocked)
2025-08-13T03:00:59.507025Z,Hisooka,5167823,manual_review,reported>0 but collected==0 (private/blocked)
2025-08-13T03:01:02.306952Z,MoumoonChan,5168659,manual_review,reported>0 but collected==0 (private/blocked)
2025-08-13T03:01:04.189637Z,Enriquex,5170618,manual_review,reported>0 but collected==0 (private/blocked)
2025-08-13T03:01:20.930492Z,CT-21-0408,5171921,manual_review,collected only 11% of reported (11_58%)
2025-08-13T03:01:27.833366Z,Phy1,5178406,manual_review,collected only 2% of reported (2_02%)
2025-08-13T03:01:30.494257Z,MrConflagration,5183474,manual_review,reported>0 but collected==0 (private/blocked)
2025-08-13T03:01:39.085254Z,TheFifthHorseman,5188506,manual_review,reported>0 but collected==0 (private/blocked)
2025-08-13T03:01:42.207130Z,fishbowltwo,5193493,manual_review,reported>0 but collected==0 (private/blocked)
2025-08-13T03:01:46.024162Z,TashaGodspell94,5204228,manual_review,reported>0 but collected==0 (private/blocked)
2025-08-13T03:01:48.168035Z,Aeonny,5205653,manual_review,reported>0 but collected==0 (private/blocked)
2025-08-13T03:01:53.948204Z,Mooshio,5207099,manual_review,collected only 0% of reported (0_69%)
2025-08-13T03:01:56.514187Z,_silux_,5209807,manual_review,reported>0 but collected==0 (private/blocked)
2025-08-13T03:02:00.918873Z,SrJuliont97,5209892,manual_review,collected only 1% of reported (1_05%)
2025-08-13T03:02:02.666895Z,Mr_Editor,5212805,manual_review,reported>0 but collected==0 (private/blocked)
2025-08-13T03:02:06.991497Z,TeachHighlight,5219160,manual_review,reported>0 but collected==0 (private/blocked)
2025-08-13T03:02:12.097569Z,Ankokaze,5233952,manual_review,reported>0 but collected==0 (private/blocked)
2025-08-13T03:02:29.314916Z,AlexisMG1997,5241733,manual_review,collected only 2% of reported (2_08%)
2025-08-13T03:02:37.508310Z,Kathana026,5245596,manual_review,reported>0 but collected==0 (private/blocked)
2025-08-13T03:02:42.375400Z,IsabelleH,5257216,manual_review,reported>0 but collected==0 (private/blocked)
2025-08-13T03:02:47.573359Z,Kairistar,5261384,manual_review,collected only 1% of reported (1_29%)
2025-08-13T03:03:04.241243Z,RamanS,5264868,manual_review,reported>0 but collected==0 (private/blocked)
2025-08-13T03:03:06.512336Z,Gisby4,5265999,manual_review,reported>0 but collected==0 (private/blocked)
2025-08-13T03:03:08.338917Z,Thexnic5,5266943,manual_review,reported>0 but collected==0 (private/blocked)
2025-08-13T03:03:12.041218Z,Hanako_San1992,5271162,manual_review,reported>0 but collected==0 (private/blocked)
2025-08-13T03:03:16.793182Z,Barely_Sentient,5271941,manual_review,collected only 0% of reported (0_13%)
2025-08-13T03:03:25.314735Z,HJCL40,5276968,manual_review,reported>0 but collected==0 (private/blocked)
2025-08-13T03:03:28.509451Z,Miranna,5284400,manual_review,reported>0 but collected==0 (private/blocked)
2025-08-13T03:03:35.580443Z,SaltyStickk,5289794,manual_review,collected only 0% of reported (0_81%)
2025-08-13T03:03:41.613976Z,ReidN,5291585,manual_review,collected only 3% of reported (3_36%)
2025-08-13T03:03:51.208010Z,TheFishiestSoup,5293677,manual_review,collected only 2% of reported (2_90%)
2025-08-13T03:03:56.447104Z,MrCosmos,5296642,manual_review,reported>0 but collected==0 (private/blocked)
2025-08-13T03:03:59.429036Z,WallE256,5299416,manual_review,reported>0 but collected==0 (private/blocked)
2025-08-13T03:04:04.264986Z,kingraza,5301483,manual_review,collected only 7% of reported (7_72%)
2025-08-13T03:04:05.701382Z,SomeCallMeTony,5301608,manual_review,reported>0 but collected==0 (private/blocked)
2025-08-13T03:04:10.838748Z,Altonius_maximus,5302274,manual_review,collected only 2% of reported (2_16%)
2025-08-13T03:04:14.443039Z,delete_account1,5307577,manual_review,reported>0 but collected==0 (private/blocked)
2025-08-13T03:04:21.331917Z,JiaLia,5315172,manual_review,collected only 0% of reported (0_92%)
2025-08-13T03:04:26.266967Z,AzlafAV,5317356,manual_review,collected only 0% of reported (0_31%)
2025-08-13T03:04:38.597247Z,Kesori,5326932,manual_review,reported>0 but collected==0 (private/blocked)
2025-08-13T03:04:44.076858Z,ssAcrALL,5327335,manual_review,collected only 18% of reported (18_68%)
2025-08-13T03:04:49.621520Z,Morferz,5331999,manual_review,collected only 0% of reported (1_00%)
2025-08-13T03:04:51.547831Z,Jaronax,5333055,manual_review,reported>0 but collected==0 (private/blocked)
2025-08-13T03:04:53.710163Z,Onaerion,5335054,manual_review,reported>0 but collected==0 (private/blocked)
2025-08-13T03:05:02.856767Z,Tuxedo-rider,5347436,manual_review,collected only 1% of reported (1_11%)
2025-08-13T03:05:04.705877Z,Hunter787,5347996,manual_review,reported>0 but collected==0 (private/blocked)
2025-08-13T03:05:07.176109Z,czek66,5354614,manual_review,reported>0 but collected==0 (private/blocked)
2025-08-13T03:05:11.603340Z,deadzai,5354713,manual_review,collected only 4% of reported (4_80%)
2025-08-13T03:05:19.425557Z,ReviiLarson,5357723,manual_review,reported>0 but collected==0 (private/blocked)
2025-08-13T03:05:26.300070Z,unknowntdawg,5361449,manual_review,reported>0 but collected==0 (private/blocked)
2025-08-13T03:05:30.817957Z,Hei07,5362253,manual_review,collected only 4% of reported (4_27%)
2025-08-13T03:06:04.062562Z,Big3MrO,5371365,manual_review,reported>0 but collected==0 (private/blocked)
2025-08-13T03:06:19.651199Z,DevourGA,5377132,manual_review,reported>0 but collected==0 (private/blocked)
2025-08-13T03:06:21.809095Z,Leffe,5379917,manual_review,reported>0 but collected==0 (private/blocked)
2025-08-13T03:06:29.932369Z,Spagyetio,5391434,manual_review,collected only 0% of reported (0_78%)
2025-08-13T03:06:32.711720Z,Nicolasardbe,5395353,manual_review,reported>0 but collected==0 (private/blocked)
2025-08-13T03:06:52.241521Z,Saber-Froste,5406976,manual_review,reported>0 but collected==0 (private/blocked)
2025-08-13T03:06:53.579840Z,Sky_Warg,5407584,manual_review,reported>0 but collected==0 (private/blocked)
2025-08-13T03:06:59.127551Z,TheFuyuChan,5409437,manual_review,collected only 3% of reported (3_55%)
2025-08-13T03:07:04.783535Z,Roberto793,5424775,manual_review,reported>0 but collected==0 (private/blocked)
2025-08-13T03:07:06.429356Z,Jabpi,5425336,manual_review,reported>0 but collected==0 (private/blocked)
2025-08-13T03:07:07.870427Z,SpiceFox,5425624,manual_review,reported>0 but collected==0 (private/blocked)
2025-08-13T03:07:09.849592Z,Atomicmuffin,5427402,manual_review,reported>0 but collected==0 (private/blocked)
2025-08-13T03:07:15.369951Z,Beastelson,5433119,manual_review,collected only 2% of reported (2_29%)
2025-08-13T03:07:19.180037Z,MoonSong87,5442725,manual_review,reported>0 but collected==0 (private/blocked)
2025-08-13T03:07:24.238647Z,ShounenDandere,5444649,manual_review,collected only 5% of reported (5_05%)
2025-08-13T03:07:26.694087Z,desertedSilk,5446886,manual_review,reported>0 but collected==0 (private/blocked)
2025-08-13T03:07:32.304529Z,Tanya-Project,5450983,manual_review,collected only 1% of reported (1_47%)
2025-08-13T03:07:35.807833Z,Kirschixx,5458409,manual_review,reported>0 but collected==0 (private/blocked)
2025-08-13T03:07:40.470226Z,Suitedtoast,5459034,manual_review,collected only 6% of reported (6_19%)
2025-08-13T03:07:43.432921Z,Beyond997,5467061,manual_review,reported>0 but collected==0 (private/blocked)
2025-08-13T03:07:46.723862Z,Ab07meed,5473234,manual_review,reported>0 but collected==0 (private/blocked)
2025-08-13T03:08:10.276732Z,ttjonas99,5492303,manual_review,collected only 7% of reported (7_28%)
2025-08-13T03:08:15.917408Z,Morghotal94,5509487,manual_review,reported>0 but collected==0 (private/blocked)
2025-08-13T03:08:17.462106Z,Der_Hausschuh,5509888,manual_review,reported>0 but collected==0 (private/blocked)
2025-08-13T03:08:24.160050Z,Wermao,5524199,manual_review,reported>0 but collected==0 (private/blocked)
2025-08-13T03:08:29.900193Z,Mubble,5529941,manual_review,collected only 10% of reported (10_82%)
2025-08-13T03:08:35.661959Z,Chlizard,5541454,manual_review,reported>0 but collected==0 (private/blocked)
2025-08-13T03:08:38.136734Z,Angel_Tso,5544407,manual_review,reported>0 but collected==0 (private/blocked)
2025-08-13T03:08:44.272261Z,Crimson,5560348,manual_review,reported>0 but collected==0 (private/blocked)
2025-08-13T03:08:47.383613Z,Hiki_NF,5564743,manual_review,reported>0 but collected==0 (private/blocked)
2025-08-13T03:08:55.803128Z,Ressaps,5592197,manual_review,reported>0 but collected==0 (private/blocked)
2025-08-13T03:08:58.062978Z,richovic,5594348,manual_review,reported>0 but collected==0 (private/blocked)
2025-08-13T03:09:04.793813Z,DevilKingGremory,5601407,manual_review,collected only 17% of reported (17_88%)
2025-08-13T03:09:07.230436Z,Lolboy89,5602848,manual_review,reported>0 but collected==0 (private/blocked)
2025-08-13T03:09:22.237870Z,JimPickins,5604467,manual_review,reported>0 but collected==0 (private/blocked)
2025-08-13T03:09:31.106302Z,SaigoKensei,5616061,manual_review,collected only 0% of reported (0_97%)
2025-08-13T03:09:35.739953Z,SCRK,5617039,manual_review,collected only 0% of reported (0_26%)
2025-08-13T03:09:40.727796Z,Nyard,5618675,manual_review,collected only 0% of reported (0_08%)
2025-08-13T03:09:49.668468Z,Colhoado,5630459,manual_review,reported>0 but collected==0 (private/blocked)
2025-08-13T03:09:52.918254Z,Markyparky,5637945,manual_review,reported>0 but collected==0 (private/blocked)
2025-08-13T03:09:57.485756Z,Fehr,5638214,manual_review,collected only 2% of reported (2_52%)
2025-08-13T03:10:10.754579Z,SaberPoo,5641752,manual_review,collected only 2% of reported (2_22%)
2025-08-13T03:10:14.477433Z,JuMala,5647285,manual_review,reported>0 but collected==0 (private/blocked)
2025-08-13T03:10:27.720196Z,Eleanor02,5662119,manual_review,collected only 2% of reported (2_85%)
2025-08-13T03:10:29.337164Z,SimonPeter,5663418,manual_review,reported>0 but collected==0 (private/blocked)
2025-08-13T03:10:33.871288Z,Arisaka_Mashiro,5663746,manual_review,collected only 3% of reported (3_95%)
2025-08-13T03:10:38.180919Z,Kyuuseishu14,5663884,manual_review,collected only 2% of reported (2_59%)
2025-08-13T03:10:55.873487Z,JonTheBlackWolf,5678895,manual_review,collected only 1% of reported (1_47%)
2025-08-13T03:11:13.000173Z,JacobDeZoet,5700056,manual_review,collected only 1% of reported (1_67%)
2025-08-13T03:11:14.903016Z,Jhonny9029,5700806,manual_review,reported>0 but collected==0 (private/blocked)
2025-08-13T03:11:18.076102Z,Bigheadedrex,5709593,manual_review,reported>0 but collected==0 (private/blocked)
2025-08-13T03:11:36.678550Z,-_J_-,5717906,manual_review,reported>0 but collected==0 (private/blocked)
2025-08-13T03:11:38.954789Z,Bryanok,5718747,manual_review,reported>0 but collected==0 (private/blocked)
2025-08-13T03:11:44.950392Z,TycoDJ,5723330,manual_review,collected only 0% of reported (0_56%)
2025-08-13T03:11:52.925013Z,Galu199,5736139,manual_review,collected only 0% of reported (0_13%)
2025-08-13T03:12:07.069398Z,ignoramoes,5756410,manual_review,reported>0 but collected==0 (private/blocked)
2025-08-13T03:12:14.233482Z,MachoChip,5758530,manual_review,collected only 4% of reported (4_85%)
2025-08-13T03:12:16.288330Z,Celsiella,5760537,manual_review,reported>0 but collected==0 (private/blocked)
2025-08-13T03:12:18.079521Z,RebelRosie1,5763532,manual_review,reported>0 but collected==0 (private/blocked)
2025-08-13T03:12:20.152170Z,Gingka8233,5764960,manual_review,reported>0 but collected==0 (private/blocked)
2025-08-13T03:12:24.259577Z,MotoKunai,5770638,manual_review,reported>0 but collected==0 (private/blocked)
2025-08-13T03:12:29.955845Z,HeatherEdits,5772562,manual_review,collected only 3% of reported (3_05%)
2025-08-13T03:12:34.908089Z,Thaocheng190,5782257,manual_review,reported>0 but collected==0 (private/blocked)
2025-08-13T03:12:36.718996Z,Onix76,5783185,manual_review,reported>0 but collected==0 (private/blocked)
2025-08-13T03:12:40.246020Z,ReyMisi,5789832,manual_review,reported>0 but collected==0 (private/blocked)
2025-08-13T03:12:52.118563Z,BressanTotti,5804442,manual_review,reported>0 but collected==0 (private/blocked)
2025-08-13T03:12:57.311432Z,lucasgb1,5805568,manual_review,collected only 3% of reported (3_75%)
2025-08-13T03:13:05.806648Z,Prof7D,5825948,manual_review,reported>0 but collected==0 (private/blocked)
2025-08-13T03:13:12.418234Z,Ko-me,5833780,manual_review,collected only 6% of reported (6_40%)
2025-08-13T03:13:15.812115Z,Minaaaaaaaa,5842283,manual_review,reported>0 but collected==0 (private/blocked)
2025-08-13T03:13:35.823526Z,Ryuzaki_Shoryu,5868433,manual_review,collected only 0% of reported (0_77%)
2025-08-13T03:13:38.981301Z,Plantowatchman,5872430,manual_review,reported>0 but collected==0 (private/blocked)
2025-08-13T03:13:43.515321Z,MrPanda225,5887837,manual_review,reported>0 but collected==0 (private/blocked)
2025-08-13T03:13:48.704144Z,jacobtsurugiBR09,5892050,manual_review,collected only 1% of reported (1_54%)
2025-08-13T03:13:56.577487Z,glenn_22,5902987,manual_review,collected only 0% of reported (0_42%)
2025-08-13T03:13:59.765892Z,DusterPower666,5905610,manual_review,reported>0 but collected==0 (private/blocked)
2025-08-13T03:14:02.518004Z,Quantrash,5909899,manual_review,reported>0 but collected==0 (private/blocked)
2025-08-13T03:14:05.571888Z,Senpaaaai,5914756,manual_review,reported>0 but collected==0 (private/blocked)
2025-08-13T03:14:09.876907Z,bayov,5924293,manual_review,reported>0 but collected==0 (private/blocked)
2025-08-13T03:14:11.349911Z,Qutairu,5924347,manual_review,reported>0 but collected==0 (private/blocked)
2025-08-13T03:14:16.504476Z,Amaeri,5925773,manual_review,collected only 1% of reported (1_82%)
2025-08-13T03:14:19.207707Z,k3nny5,5927163,manual_review,reported>0 but collected==0 (private/blocked)
2025-08-13T03:14:21.390414Z,MonHez10,5929917,manual_review,reported>0 but collected==0 (private/blocked)
2025-08-13T03:14:38.793711Z,Wetbikeboy2500,5943038,manual_review,reported>0 but collected==0 (private/blocked)
2025-08-13T03:14:41.219775Z,Cleing,5945806,manual_review,reported>0 but collected==0 (private/blocked)
2025-08-13T03:14:42.886057Z,Makkachan,5947504,manual_review,reported>0 but collected==0 (private/blocked)
2025-08-13T03:14:45.453595Z,abeille,5950592,manual_review,reported>0 but collected==0 (private/blocked)
2025-08-13T03:14:48.563164Z,Eryxa,5956437,manual_review,reported>0 but collected==0 (private/blocked)
2025-08-13T03:14:55.674573Z,StyxHelix16,5970008,manual_review,reported>0 but collected==0 (private/blocked)
2025-08-13T03:14:58.314960Z,Leo43,5973523,manual_review,reported>0 but collected==0 (private/blocked)
2025-08-13T03:14:59.806662Z,Suicicat,5973910,manual_review,reported>0 but collected==0 (private/blocked)
2025-08-13T03:15:07.746263Z,mambetu,5993790,manual_review,reported>0 but collected==0 (private/blocked)
2025-08-13T03:15:13.049707Z,Mundanest,6008574,manual_review,reported>0 but collected==0 (private/blocked)
2025-08-13T03:15:14.898235Z,Idmi,6008735,manual_review,reported>0 but collected==0 (private/blocked)
2025-08-13T03:15:20.429410Z,Raizor55,6011263,manual_review,collected only 2% of reported (2_33%)
2025-08-13T03:15:44.683954Z,Electrica_ToG,6028852,manual_review,collected only 0% of reported (0_91%)
2025-08-13T03:17:02.367043Z,Wgnr,6040052,manual_review,collected only 1% of reported (1_48%)
2025-08-13T03:17:10.666319Z,fatesqt,6052295,manual_review,reported>0 but collected==0 (private/blocked)
2025-08-13T03:17:14.578003Z,GRimmyGamezer,6060452,manual_review,reported>0 but collected==0 (private/blocked)
2025-08-13T03:17:16.931110Z,Number9lover,6061621,manual_review,reported>0 but collected==0 (private/blocked)
2025-08-13T03:17:20.077269Z,SynexEune,6067441,manual_review,reported>0 but collected==0 (private/blocked)
2025-08-13T03:17:32.787932Z,BumsElch,6075923,manual_review,reported>0 but collected==0 (private/blocked)
2025-08-13T03:17:39.165414Z,LetterToFriendA,6078601,manual_review,collected only 10% of reported (10_87%)
2025-08-13T03:17:43.506597Z,InTheDojo,6078746,manual_review,collected only 1% of reported (1_56%)
2025-08-13T03:17:44.719964Z,Nerororo,6079727,manual_review,reported>0 but collected==0 (private/blocked)
2025-08-13T03:17:51.198173Z,GuilhermeLuis10,6085608,manual_review,collected only 0% of reported (0_07%)
2025-08-13T03:17:54.618170Z,Xamingo,6090834,manual_review,reported>0 but collected==0 (private/blocked)
2025-08-13T03:17:57.045426Z,demiandeus,6094040,manual_review,reported>0 but collected==0 (private/blocked)
2025-08-13T03:17:58.711783Z,miorim,6095828,manual_review,reported>0 but collected==0 (private/blocked)
2025-08-13T03:18:05.988485Z,Rythin,6101776,manual_review,collected only 18% of reported (18_92%)
2025-08-13T03:18:12.466620Z,AnCarVa,6108441,manual_review,collected only 1% of reported (1_87%)
2025-08-13T03:18:14.886217Z,Slackk,6112410,manual_review,reported>0 but collected==0 (private/blocked)
2025-08-13T03:18:18.638001Z,ButtStabbingSpy,6117911,manual_review,reported>0 but collected==0 (private/blocked)
2025-08-13T03:18:27.060820Z,Tempest297,6126892,manual_review,reported>0 but collected==0 (private/blocked)
2025-08-13T03:18:30.355403Z,Othei,6135499,manual_review,reported>0 but collected==0 (private/blocked)
2025-08-13T03:18:34.406093Z,r13g3l,6144098,manual_review,reported>0 but collected==0 (private/blocked)
2025-08-13T03:18:40.801862Z,Badflank,6151594,manual_review,collected only 3% of reported (3_91%)
2025-08-13T03:18:45.405946Z,Sunep_Anar,6158843,manual_review,reported>0 but collected==0 (private/blocked)
2025-08-13T03:18:47.761263Z,Kirito_online,6161784,manual_review,reported>0 but collected==0 (private/blocked)
2025-08-13T03:18:49.610279Z,SpookyPxl,6165508,manual_review,reported>0 but collected==0 (private/blocked)
2025-08-13T03:19:06.913518Z,Zest_Rose,6180395,manual_review,reported>0 but collected==0 (private/blocked)
2025-08-13T03:19:09.409342Z,Jandres91,6182314,manual_review,reported>0 but collected==0 (private/blocked)
2025-08-13T03:19:14.267182Z,abitbol,6184058,manual_review,collected only 1% of reported (1_63%)
2025-08-13T03:19:44.565949Z,kaneki-kun_666,6201765,manual_review,collected only 1% of reported (1_44%)
2025-08-13T03:19:49.816459Z,INFINITI_oo,6202903,manual_review,collected only 2% of reported (2_55%)
2025-08-13T03:20:04.155832Z,Troubyo,6210263,manual_review,collected only 1% of reported (1_82%)
2025-08-13T03:20:05.854858Z,Atalica,6210824,manual_review,reported>0 but collected==0 (private/blocked)
2025-08-13T03:20:17.265351Z,DaRedOne,6229598,manual_review,reported>0 but collected==0 (private/blocked)
2025-08-13T03:20:19.206640Z,MartenzGamer,6230543,manual_review,reported>0 but collected==0 (private/blocked)
2025-08-13T03:20:46.070604Z,Vekovski,6239548,manual_review,collected only 0% of reported (0_32%)
2025-08-13T03:20:50.906202Z,Maheswara,6240274,manual_review,collected only 0% of reported (0_12%)
2025-08-13T03:20:52.363630Z,MetroOnTheBeat,6242353,manual_review,reported>0 but collected==0 (private/blocked)
2025-08-13T03:20:54.510122Z,copaceticlodis,6244609,manual_review,reported>0 but collected==0 (private/blocked)
2025-08-13T03:20:56.085038Z,Turfedin,6245030,manual_review,reported>0 but collected==0 (private/blocked)
2025-08-13T03:20:59.784700Z,BlanketAddict,6250388,manual_review,reported>0 but collected==0 (private/blocked)
2025-08-13T03:21:01.721299Z,kritik7,6252536,manual_review,reported>0 but collected==0 (private/blocked)
2025-08-13T03:21:04.501469Z,Ghost-Skull,6257966,manual_review,reported>0 but collected==0 (private/blocked)
2025-08-13T03:21:07.348754Z,BiggusDickkus,6265549,manual_review,reported>0 but collected==0 (private/blocked)
2025-08-13T03:21:30.715724Z,ytinasni,6281382,manual_review,reported>0 but collected==0 (private/blocked)
2025-08-13T03:21:33.645355Z,DhanisKiller,6287686,manual_review,reported>0 but collected==0 (private/blocked)
2025-08-13T03:21:37.547783Z,aniacz2003,6295856,manual_review,reported>0 but collected==0 (private/blocked)
2025-08-13T03:21:42.556159Z,Kokki,6307432,manual_review,reported>0 but collected==0 (private/blocked)
2025-08-13T03:21:48.192442Z,TuR,6318824,manual_review,reported>0 but collected==0 (private/blocked)
2025-08-13T03:21:50.146670Z,Meroem,6319127,manual_review,reported>0 but collected==0 (private/blocked)
2025-08-13T03:21:51.892198Z,Ilyyasviels,6320776,manual_review,reported>0 but collected==0 (private/blocked)
2025-08-13T03:22:00.627552Z,F4ku03,6329675,manual_review,collected only 4% of reported (4_35%)
2025-08-13T03:22:02.785762Z,Shumaila_Shaikh,6334298,manual_review,reported>0 but collected==0 (private/blocked)
2025-08-13T03:22:04.842455Z,inFormatix1512,6335158,manual_review,reported>0 but collected==0 (private/blocked)
2025-08-13T03:22:06.592942Z,-Momo-chan-,6335702,manual_review,reported>0 but collected==0 (private/blocked)
2025-08-13T03:22:18.207305Z,a-kren,6342221,manual_review,collected only 3% of reported (3_88%)
2025-08-13T03:22:25.608091Z,Haruriro,6349238,manual_review,collected only 3% of reported (3_85%)
2025-08-13T03:22:31.712201Z,Faggottio,6351713,manual_review,collected only 2% of reported (2_29%)
2025-08-13T03:22:34.401210Z,Legual_Fails,6355865,manual_review,reported>0 but collected==0 (private/blocked)
2025-08-13T03:22:38.310985Z,Alcalo,6365026,manual_review,reported>0 but collected==0 (private/blocked)
2025-08-13T03:22:43.292279Z,Nlog88,6366075,manual_review,collected only 4% of reported (4_66%)
2025-08-13T03:22:49.180374Z,Zenroth,6373028,manual_review,collected only 0% of reported (0_21%)
2025-08-13T03:22:53.834834Z,benji_hky,6381360,manual_review,reported>0 but collected==0 (private/blocked)
